0.068858  ,0.012347  ,0.86133,0.037578  ,0.019884
0.066915  ,0.0090438 ,0.86864,0.033165  ,0.022235
0.060723  ,0.0071178 ,0.87013,0.038136  ,0.023889
0.069462  ,0.0094179 ,0.86736,0.032399  ,0.021358
0.070398  ,0.0094725 ,0.87341,0.026197  ,0.020526
0.056854  ,0.0091633 ,0.87999,0.031749  ,0.022245
0.069824  ,0.015774  ,0.84877,0.03794   ,0.027689
0.070108  ,0.013789  ,0.84784,0.038497  ,0.029769
0.066827  ,0.0078698 ,0.84826,0.043333  ,0.033709
0.069353  ,0.0052386 ,0.8341 ,0.041124  ,0.05018
0.047046  ,0.0052946 ,0.86037,0.044229  ,0.043057
0.039274  ,0.0080635 ,0.85942,0.053814  ,0.039426
0.027891  ,0.0059671 ,0.86631,0.060842  ,0.038985
0.018641  ,0.0053159 ,0.8623 ,0.078625  ,0.035122
0.0216    ,0.0089291 ,0.89838,0.048984  ,0.022103
0.0092299 ,0.0050558 ,0.91123,0.059553  ,0.014932
0.083279  ,0.18025   ,0.71548,0.016126  ,0.0048701
0.084162  ,0.11306   ,0.72156,0.027731  ,0.05348
0.098332  ,0.14218   ,0.66998,0.041476  ,0.048023
0.12909   ,0.040859  ,0.62545,0.14128   ,0.06332
0.17964   ,0.03685   ,0.61375,0.11493   ,0.054835
0.17948   ,0.042727  ,0.59631,0.10857   ,0.072919
0.20117   ,0.036902  ,0.56952,0.11393   ,0.078472
0.16278   ,0.030191  ,0.64262,0.087679  ,0.076729
0.19174   ,0.026435  ,0.58873,0.096812  ,0.096279
0.1606    ,0.026343  ,0.61139,0.10151   ,0.10016
0.16878   ,0.022473  ,0.61714,0.094218  ,0.09738
0.1485    ,0.016965  ,0.62488,0.10387   ,0.10578
0.14799   ,0.023276  ,0.65133,0.087184  ,0.090224
0.16262   ,0.022736  ,0.60482,0.095498  ,0.11433
0.14617   ,0.027811  ,0.62289,0.09023   ,0.1129
0.16233   ,0.02396   ,0.59202,0.092653  ,0.12904
0.16034   ,0.013857  ,0.59954,0.10024   ,0.12601
0.18419   ,0.019437  ,0.59301,0.092405  ,0.11096
0.18031   ,0.015458  ,0.57607,0.11252   ,0.11564
0.16587   ,0.017577  ,0.60515,0.10584   ,0.10556
0.16723   ,0.013076  ,0.59626,0.11946   ,0.10397
0.10789   ,0.012632  ,0.6961 ,0.11107   ,0.072309
0.09293   ,0.012745  ,0.72605,0.096439  ,0.071831
0.11104   ,0.012237  ,0.68315,0.11222   ,0.081363
0.077427  ,0.009485  ,0.76532,0.08618   ,0.061592
0.16419   ,0.013109  ,0.65201,0.086605  ,0.084083
0.1175    ,0.0092215 ,0.65225,0.11492   ,0.10611
0.086439  ,0.019868  ,0.67955,0.11271   ,0.10144
0.086317  ,0.0089214 ,0.66036,0.13483   ,0.10958
0.090261  ,0.011787  ,0.73379,0.098286  ,0.065873
0.0049079 ,0.14203   ,0.85296,0.00010016,0
0.019161  ,0.074027  ,0.90438,0.0017032 ,0.00072993
0.021392  ,0.095171  ,0.87782,0.0028074 ,0.0028074
0.020999  ,0.10572   ,0.86389,0.005079  ,0.0043107
0.0067454 ,0.12498   ,0.86681,0.0012988 ,0.00016759
0.023298  ,0.10433   ,0.86603,0.0055336 ,0.00081066
0.046086  ,0.09576   ,0.8573 ,0.00072421,0.00013167
0.0437    ,0.078007  ,0.87394,0.0043528 ,0
0.068857  ,0.08287   ,0.83809,0.0023256 ,0.0078601
0.051364  ,0.060299  ,0.8718 ,0.0065902 ,0.0099469
0.04636   ,0.07923   ,0.86415,0.003354  ,0.0069068
0.033822  ,0.069316  ,0.87028,0.010446  ,0.016134
0.061333  ,0.06354   ,0.84654,0.018039  ,0.010548
0.051954  ,0.057194  ,0.86342,0.013386  ,0.014044
0.071277  ,0.064023  ,0.83915,0.015242  ,0.010309
0.064566  ,0.059416  ,0.84532,0.014676  ,0.016019
0.058158  ,0.051253  ,0.86413,0.012088  ,0.014373
0.06782   ,0.059022  ,0.83627,0.020306  ,0.016585
0.058295  ,0.064155  ,0.84154,0.017462  ,0.018552
0.071484  ,0.055528  ,0.83667,0.016488  ,0.019831
0.054602  ,0.047374  ,0.86143,0.016142  ,0.020453
0.054028  ,0.046868  ,0.86234,0.018229  ,0.01853
0.055459  ,0.050876  ,0.85681,0.019075  ,0.017778
0.066363  ,0.037521  ,0.8565 ,0.021002  ,0.01861
0.083392  ,0.032272  ,0.8373 ,0.027393  ,0.019643
0.070566  ,0.028408  ,0.8595 ,0.022288  ,0.019234
0.059614  ,0.036029  ,0.85645,0.028947  ,0.018956
0.068462  ,0.030901  ,0.85445,0.029628  ,0.016563
0.081068  ,0.031756  ,0.83994,0.034095  ,0.01314
0.073151  ,0.026546  ,0.86121,0.027971  ,0.011123
0.080889  ,0.026313  ,0.84745,0.032165  ,0.013183
0.067381  ,0.023064  ,0.86293,0.032198  ,0.014428
0.051365  ,0.021023  ,0.88409,0.032714  ,0.010808
0.070252  ,0.023129  ,0.85623,0.035866  ,0.01452
0.070474  ,0.028189  ,0.86138,0.030197  ,0.009762
0.052194  ,0.019058  ,0.89466,0.024137  ,0.0099482
0.035892  ,0.019326  ,0.90659,0.026658  ,0.011536
0.045163  ,0.017088  ,0.90003,0.030566  ,0.0071486
0.036693  ,0.020477  ,0.9006 ,0.030242  ,0.011986
0.048318  ,0.019765  ,0.88895,0.03313   ,0.0098353
0.04397   ,0.017236  ,0.88977,0.035379  ,0.01364
0.0517    ,0.014921  ,0.88844,0.034418  ,0.01052
0.042432  ,0.021548  ,0.88962,0.035616  ,0.010784
0.056116  ,0.021671  ,0.86052,0.045962  ,0.015732
0.048525  ,0.021157  ,0.86863,0.046347  ,0.015338
0.060248  ,0.020243  ,0.84782,0.054572  ,0.017119
0.057195  ,0.021651  ,0.8435 ,0.060835  ,0.016815
0.067841  ,0.021939  ,0.81461,0.073669  ,0.021939
0.056761  ,0.022864  ,0.8335 ,0.068627  ,0.018252
0.042671  ,0.022795  ,0.86084,0.055882  ,0.017809
0.037287  ,0.016355  ,0.8887 ,0.043473  ,0.014181
0.053918  ,0.013781  ,0.86136,0.05494   ,0.016
0.045387  ,0.011321  ,0.88719,0.04272   ,0.013381
0.040917  ,0.0078242 ,0.90667,0.030373  ,0.014218
0.044247  ,0.0076818 ,0.89251,0.037959  ,0.017602
0.055319  ,0.0126    ,0.88373,0.028029  ,0.020321
0.059401  ,0.011035  ,0.88466,0.025467  ,0.019437
0.13024   ,0.00012132,0.47273,0.1454    ,0.2515
0.16326   ,0         ,0.45051,0.15864   ,0.22759
0.22249   ,0         ,0.37391,0.15516   ,0.24843
0.2371    ,0         ,0.36986,0.14971   ,0.24332
0.20761   ,5.5451e-05,0.39143,0.16707   ,0.23384
0.19116   ,0         ,0.44253,0.15894   ,0.20737
0.16084   ,0         ,0.46796,0.16627   ,0.20493
0.15558   ,0         ,0.48006,0.15911   ,0.20525
0.1141    ,0         ,0.57606,0.12715   ,0.18269
0.10657   ,0         ,0.59433,0.12465   ,0.17446
0.11031   ,0         ,0.56942,0.1332    ,0.18707
0.10046   ,0         ,0.63734,0.11514   ,0.14706
0.12869   ,0         ,0.57968,0.1369    ,0.15473
0.13901   ,0         ,0.57229,0.13618   ,0.15253
0.13839   ,0         ,0.53208,0.14921   ,0.18033
0.13948   ,0         ,0.44192,0.1642    ,0.25441
0.096073  ,0         ,0.53661,0.16475   ,0.20256
0.091919  ,0         ,0.49125,0.17832   ,0.23851
0.079938  ,0.00024047,0.48619,0.18935   ,0.24428
0.081684  ,0.0052098 ,0.5015 ,0.19674   ,0.21487
0.083959  ,0.00047345,0.49523,0.19588   ,0.22445
0.08586   ,0.0032323 ,0.47041,0.20806   ,0.23244
0.057045  ,0.00084621,0.53725,0.18507   ,0.21979
0.066352  ,0.00078722,0.46947,0.19804   ,0.26535
0.062976  ,0.00062943,0.41069,0.21692   ,0.30879
0.076845  ,0.0002694 ,0.42282,0.20117   ,0.2989
0.061531  ,0.0006435 ,0.50205,0.17111   ,0.26466
0.046383  ,0.00034037,0.49031,0.17653   ,0.28643
0.0493    ,0.0017607 ,0.51911,0.18013   ,0.2497
0.054594  ,8.6565e-05,0.52303,0.17417   ,0.24812
0.050365  ,0.0012992 ,0.5306 ,0.17697   ,0.24077
0.04504   ,0.00011197,0.52679,0.19743   ,0.23063
0.044814  ,0.0011655 ,0.52206,0.18718   ,0.24478
0.046885  ,0.0015573 ,0.53565,0.177     ,0.2389
0.046801  ,0.00081829,0.56929,0.17189   ,0.2112
0.047117  ,0         ,0.55484,0.17553   ,0.22251
0.040816  ,0.00025316,0.56084,0.17173   ,0.22636
0.05545   ,7.0146e-05,0.47871,0.20823   ,0.25754
0.051721  ,0.00027708,0.52651,0.2019    ,0.2196
0.056609  ,9.3982e-05,0.53924,0.19316   ,0.2109
0.057989  ,0.00077861,0.51581,0.20944   ,0.21598
0.065653  ,0.00013365,0.50221,0.21497   ,0.21704
0.062633  ,0.0022492 ,0.53408,0.22776   ,0.17328
0.081376  ,0.00035954,0.44307,0.26071   ,0.21449
0.06432   ,0.0014041 ,0.53913,0.21268   ,0.18246
0.074839  ,0         ,0.48638,0.22525   ,0.21353
0.064575  ,7.3131e-05,0.52918,0.22071   ,0.18546
0.065625  ,3.8e-05   ,0.53245,0.21238   ,0.1895
0.063305  ,0         ,0.51577,0.19641   ,0.22451
0.069216  ,0         ,0.50893,0.19221   ,0.22964
0.089226  ,5.2609e-05,0.44629,0.22227   ,0.24216
0.078605  ,4.7438e-05,0.50996,0.19274   ,0.21864
0.067123  ,0         ,0.5077 ,0.21991   ,0.20527
0.056144  ,0         ,0.55539,0.18588   ,0.20258
0.077678  ,0         ,0.49944,0.19729   ,0.2256
0.10454   ,0         ,0.37903,0.22993   ,0.2865
0.061732  ,0.00016595,0.56162,0.17491   ,0.20157
0.03393   ,0         ,0.73674,0.11826   ,0.11107
0.052209  ,0         ,0.63048,0.1595    ,0.15781
0.059123  ,0         ,0.57915,0.18026   ,0.18147
0.053456  ,0         ,0.65531,0.14493   ,0.1463
0.042055  ,4.1475e-05,0.68807,0.13085   ,0.13898
0.05046   ,0         ,0.62463,0.17208   ,0.15282
0.060807  ,0         ,0.53731,0.20921   ,0.19268
0.054118  ,0         ,0.59388,0.18701   ,0.16499
0.030588  ,0         ,0.67173,0.16686   ,0.13082
0.040028  ,0         ,0.63487,0.18837   ,0.13673
0.034839  ,0         ,0.69262,0.1532    ,0.11934
0.034132  ,0         ,0.69356,0.15144   ,0.12087
0.036491  ,7.0925e-05,0.68162,0.14869   ,0.13313
0.047196  ,0         ,0.69319,0.13528   ,0.12433
0.066404  ,4.3831e-05,0.61915,0.16419   ,0.15021
0.074562  ,0         ,0.6338 ,0.15886   ,0.13278
0.078261  ,0.0060345 ,0.65615,0.13527   ,0.12429
0.10464   ,0.0012162 ,0.58257,0.16117   ,0.15041
0.089441  ,0.0094412 ,0.69985,0.10062   ,0.10065
0.083907  ,0.016602  ,0.7118 ,0.10328   ,0.084409
0.092197  ,0.013605  ,0.71369,0.10055   ,0.079958
0.092058  ,0.017814  ,0.70755,0.10054   ,0.08204
0.088389  ,0.00023697,0.67715,0.12942   ,0.10481
0.076921  ,0.012046  ,0.6892 ,0.12118   ,0.10065
0.083988  ,0.024888  ,0.64639,0.13835   ,0.10638
0.067973  ,0.034587  ,0.67432,0.12699   ,0.096134
0.090928  ,0.016128  ,0.60887,0.16198   ,0.1221
0.096248  ,0.034209  ,0.5666 ,0.16789   ,0.13505
0.090642  ,0.022901  ,0.62784,0.15603   ,0.10259
0.071664  ,0.029751  ,0.64456,0.14748   ,0.10655
0.071389  ,0.027728  ,0.60057,0.17813   ,0.12218
0.081163  ,0.024105  ,0.62302,0.15625   ,0.11546
0.081132  ,0.014276  ,0.65438,0.14117   ,0.10904
0.08656   ,0.0099775 ,0.65244,0.13975   ,0.11127
0.087316  ,0.010758  ,0.71142,0.10589   ,0.084614
0.084829  ,0.006728  ,0.73571,0.098064  ,0.074671
0.099263  ,0.012348  ,0.702  ,0.1055    ,0.080884
0.10363   ,0.010939  ,0.71573,0.09911   ,0.070583
0.11476   ,0.018551  ,0.70151,0.098282  ,0.066896
0.10253   ,0.018558  ,0.7137 ,0.098192  ,0.067026
0.12332   ,0.016401  ,0.67265,0.11364   ,0.073984
0.11694   ,0.016475  ,0.67283,0.11581   ,0.077936
0.13781   ,0.013556  ,0.64155,0.11956   ,0.087523
0.13982   ,0.016526  ,0.62269,0.12677   ,0.094195
0.15333   ,0.013363  ,0.61202,0.11631   ,0.10498
0.14485   ,0.012222  ,0.62148,0.1184    ,0.10305
0.15983   ,0.01251   ,0.5795 ,0.1308    ,0.11736
0.16562   ,0.0099143 ,0.57152,0.13324   ,0.11972
0.15453   ,0.01976   ,0.53211,0.15586   ,0.13774
0.15071   ,0.012086  ,0.56195,0.1447    ,0.13055
0.13658   ,0.0080714 ,0.59282,0.13523   ,0.12729
0.1472    ,0.011857  ,0.54963,0.14069   ,0.15062
0.14372   ,0.013072  ,0.57281,0.13498   ,0.13541
0.1381    ,0.016806  ,0.58186,0.12474   ,0.13849
0.15646   ,0.016009  ,0.56069,0.12454   ,0.1423
0.15937   ,0.018253  ,0.57245,0.12477   ,0.12515
0.15878   ,0.01607   ,0.58781,0.12084   ,0.11649
0.18834   ,0.018258  ,0.53071,0.1352    ,0.12749
0.18358   ,0.014985  ,0.55429,0.13094   ,0.11621
0.17038   ,0.010286  ,0.54905,0.14683   ,0.12345
0.12562   ,0         ,0.48988,0.12375   ,0.26075
0.15067   ,0         ,0.39421,0.13713   ,0.31799
0.14275   ,0         ,0.42001,0.1275    ,0.30974
0.17304   ,0         ,0.35027,0.13695   ,0.33974
0.17735   ,0         ,0.32667,0.1345    ,0.36148
0.16811   ,0         ,0.45909,0.11153   ,0.26127
0.18414   ,0         ,0.47196,0.10477   ,0.23912
0.1574    ,0         ,0.55495,0.094685  ,0.19297
0.17747   ,0         ,0.4943 ,0.10724   ,0.22099
0.16303   ,0.00042151,0.54079,0.098398  ,0.19736
0.17947   ,0.00044955,0.49635,0.11653   ,0.20719
0.15298   ,0.00028795,0.5601 ,0.12275   ,0.16388
0.14963   ,0.00011675,0.58071,0.11928   ,0.15026
0.13873   ,0         ,0.60436,0.12157   ,0.13535
0.15039   ,0.00017718,0.58313,0.13009   ,0.13622
0.15857   ,0.00084999,0.58592,0.12471   ,0.12995
0.12839   ,0.00037994,0.6058 ,0.12105   ,0.14438
0.12152   ,0         ,0.59824,0.12983   ,0.15041
0.12037   ,0         ,0.59843,0.12941   ,0.1518
0.12906   ,0         ,0.6155 ,0.10787   ,0.14757
0.11321   ,0         ,0.63824,0.1003    ,0.14826
0.10731   ,0         ,0.64108,0.10419   ,0.14742
0.10002   ,0         ,0.64049,0.11187   ,0.14763
0.10333   ,0         ,0.63392,0.11616   ,0.14659
0.090858  ,0         ,0.66028,0.11743   ,0.13143
0.083796  ,0         ,0.66162,0.11875   ,0.13584
0.074894  ,0         ,0.68954,0.10881   ,0.12676
0.072978  ,0         ,0.70307,0.099474  ,0.12448
0.084674  ,0         ,0.67005,0.11915   ,0.12613
0.076407  ,0         ,0.69928,0.11207   ,0.11224
0.062296  ,0         ,0.7272 ,0.11309   ,0.097408
0.065136  ,0         ,0.70644,0.1189    ,0.10952
0.057106  ,2.8973e-05,0.7302 ,0.10753   ,0.10513
0.040567  ,0         ,0.77849,0.093012  ,0.087929
0.03955   ,0         ,0.76657,0.099854  ,0.09403
0.035662  ,0         ,0.76789,0.10574   ,0.090704
0.035231  ,0         ,0.77603,0.098155  ,0.090582
0.034383  ,0         ,0.77004,0.10021   ,0.095359
0.036426  ,0         ,0.78745,0.084161  ,0.091963
0.036585  ,0         ,0.77886,0.086708  ,0.097844
0.032951  ,0         ,0.79005,0.085801  ,0.091202
0.037227  ,0         ,0.77638,0.083201  ,0.10319
0.032448  ,5.1244e-05,0.79593,0.07747   ,0.094104
0.031719  ,0.00016199,0.7926 ,0.081357  ,0.094164
0.033892  ,0         ,0.79265,0.080643  ,0.092816
0.042752  ,0         ,0.76378,0.090734  ,0.10274
0.047921  ,0         ,0.75592,0.091158  ,0.10501
0.052807  ,0.0003124 ,0.76413,0.086625  ,0.096131
0.057136  ,0.0011973 ,0.74725,0.089296  ,0.10512
0.05191   ,0.0012339 ,0.77425,0.080235  ,0.092368
0.054207  ,0.0025501 ,0.77085,0.084398  ,0.087993
0.055116  ,0.002228  ,0.77435,0.087761  ,0.080541
0.066346  ,0.0018158 ,0.75466,0.088748  ,0.088432
0.071578  ,0.0040931 ,0.75453,0.084162  ,0.08564
0.081966  ,0.0031642 ,0.73921,0.084154  ,0.091507
0.093588  ,0.0039755 ,0.71921,0.086781  ,0.096449
0.11083   ,0.0056575 ,0.69326,0.08702   ,0.10323
0.11222   ,0.004258  ,0.69566,0.074519  ,0.11334
0.10874   ,0.0054883 ,0.66897,0.09408   ,0.12272
0.099138  ,0.004268  ,0.69878,0.087453  ,0.11036
0.093902  ,0.003935  ,0.69747,0.093649  ,0.11105
0.095997  ,0.0033077 ,0.70357,0.096123  ,0.10101
0.11574   ,0.0050943 ,0.67901,0.098653  ,0.1015
0.11891   ,0.0073301 ,0.67098,0.098655  ,0.10413
0.13966   ,0.0059524 ,0.63801,0.095623  ,0.12076
0.14175   ,0.0055301 ,0.60974,0.11632   ,0.12666
0.16891   ,0.0022427 ,0.58734,0.11904   ,0.12246
0.1686    ,0.0015609 ,0.59784,0.10254   ,0.12946
0.15098   ,0.0010239 ,0.62492,0.097833  ,0.12524
0.14144   ,0.00069178,0.62939,0.10262   ,0.12585
0.12764   ,0.0014581 ,0.65623,0.098099  ,0.11657
0.12313   ,0.0014236 ,0.63722,0.10336   ,0.13486
0.10517   ,0.0011762 ,0.66806,0.098273  ,0.12733
0.090223  ,0.00085651,0.67614,0.099704  ,0.13307
0.075244  ,0.0010335 ,0.70027,0.099204  ,0.12425
0.067461  ,0.00061215,0.72824,0.091065  ,0.11262
0.056358  ,0.0011871 ,0.74828,0.092455  ,0.10172
0.049444  ,0.0018443 ,0.75192,0.096194  ,0.1006
0.046645  ,0.0014892 ,0.77425,0.084673  ,0.092944
0.043127  ,0.00037468,0.72811,0.10512   ,0.12327
0.050782  ,0.00023113,0.65495,0.13209   ,0.16195
0.049028  ,0.0011247 ,0.70386,0.11557   ,0.13042
0.054284  ,0.0010253 ,0.6793 ,0.1246    ,0.14079
0.043569  ,0.00041026,0.73328,0.10737   ,0.11536
0.052024  ,0.0020203 ,0.7101 ,0.11198   ,0.12388
0.050729  ,0.00058954,0.69957,0.11995   ,0.12917
0.058453  ,0.0014358 ,0.70308,0.12236   ,0.11467
0.06808   ,0.0013888 ,0.69751,0.11878   ,0.11424
0.076211  ,0.0015828 ,0.65458,0.14028   ,0.12735
0.077421  ,0.0011891 ,0.67956,0.13202   ,0.10981
0.093461  ,0.0027274 ,0.63389,0.15466   ,0.11526
0.08143   ,0.0038931 ,0.69649,0.1298    ,0.088388
0.085104  ,0.0039107 ,0.70521,0.11982   ,0.085951
0.10407   ,0.0029602 ,0.66679,0.13042   ,0.09575
0.083163  ,0.0023916 ,0.71201,0.1166    ,0.085842
0.092783  ,0.0023012 ,0.6998 ,0.11503   ,0.09009
0.076     ,0.0030081 ,0.7335 ,0.1034    ,0.084098
0.079984  ,0.0021924 ,0.72552,0.1061    ,0.086199
0.066061  ,0.001648  ,0.74845,0.10142   ,0.082415
0.047462  ,0.0011984 ,0.79638,0.079656  ,0.075306
0.058844  ,0.00069362,0.76462,0.10101   ,0.07483
0.055929  ,0.00057345,0.75229,0.10967   ,0.081537
0.044633  ,0.00041974,0.77512,0.10035   ,0.079471
0.048468  ,0.001073  ,0.76651,0.10069   ,0.083255
0.03145   ,7.9821e-05,0.76062,0.1139    ,0.09395
0.046686  ,0.0004463 ,0.76007,0.10708   ,0.085722
0.046548  ,0.00090435,0.74547,0.1103    ,0.096783
0.04195   ,0.0013304 ,0.74961,0.11657   ,0.090535
0.024215  ,0.00067204,0.76386,0.12836   ,0.082892
0.036007  ,0.0011895 ,0.77051,0.11441   ,0.077881
0.026672  ,0.0018126 ,0.74159,0.13511   ,0.094819
0.089069  ,0.011882  ,0.78312,0.070542  ,0.045385
0.11266   ,0.0070016 ,0.7577 ,0.08      ,0.042632
0.15003   ,0.01875   ,0.69009,0.10855   ,0.032585
0.12925   ,0.016683  ,0.72986,0.087888  ,0.036315
0.12735   ,0.0091196 ,0.74253,0.081874  ,0.039127
0.12455   ,0.011     ,0.7475 ,0.077254  ,0.039701
0.13168   ,0.01027   ,0.73319,0.072958  ,0.051907
0.12332   ,0.0042581 ,0.76728,0.07229   ,0.032853
0.10236   ,0.0094074 ,0.78007,0.074024  ,0.034135
0.083034  ,0.009291  ,0.80274,0.071677  ,0.033253
0.081077  ,0.0091432 ,0.80931,0.063693  ,0.036779
0.093337  ,0.0050776 ,0.78092,0.077767  ,0.042898
0.076484  ,0.01063   ,0.81289,0.062648  ,0.037348
0.057207  ,0.011709  ,0.82301,0.073583  ,0.034492
0.068696  ,0.0097794 ,0.80639,0.066853  ,0.048279
0.075048  ,0.0071198 ,0.81168,0.06094   ,0.045211
0.068325  ,0.0041775 ,0.81355,0.065027  ,0.048921
0.075676  ,0.007477  ,0.79467,0.069359  ,0.052819
0.061077  ,0.0087356 ,0.823  ,0.065604  ,0.041581
0.064811  ,0.0080429 ,0.82455,0.068536  ,0.034058
0.071553  ,0.005142  ,0.8093 ,0.061114  ,0.052896
0.057917  ,0.0053659 ,0.84601,0.058515  ,0.032196
0.098918  ,0.0047265 ,0.77563,0.078459  ,0.042268
0.056101  ,0.0067305 ,0.83651,0.058136  ,0.042519
0.07921   ,0.007599  ,0.81355,0.061887  ,0.037759
0.079929  ,0.0068735 ,0.80056,0.069499  ,0.04314
0.071869  ,0.0068635 ,0.81823,0.072155  ,0.030886
0.048346  ,0.0084499 ,0.86099,0.066294  ,0.015916
0.052481  ,0.0064309 ,0.87136,0.055356  ,0.014371
0.043041  ,0.0043898 ,0.88223,0.057757  ,0.012584
0.038894  ,0.0083153 ,0.8729 ,0.066027  ,0.013866
0.031098  ,0.0043082 ,0.87454,0.078865  ,0.011189
0.032054  ,0.0066406 ,0.89021,0.059099  ,0.011994
0.091199  ,0.0095639 ,0.79227,0.070265  ,0.036698
0.030547  ,0.005754  ,0.90203,0.055407  ,0.006265
0.030697  ,0.0041276 ,0.8941 ,0.063763  ,0.0073078
0.024631  ,0.0051681 ,0.91357,0.048504  ,0.0081314
0.024008  ,0.0066704 ,0.91427,0.049028  ,0.0060202
0.034256  ,0.0076397 ,0.90172,0.049811  ,0.0065701
0.14141   ,0.016898  ,0.77702,0.049183  ,0.015482
0.10092   ,0.019802  ,0.7869 ,0.064856  ,0.027523
0.1068    ,0.036931  ,0.73996,0.076623  ,0.039692
0.084104  ,0.028779  ,0.77479,0.079161  ,0.033163
0.029463  ,0.00505   ,0.92946,0.031839  ,0.0041858
0.069828  ,0.053643  ,0.73224,0.084872  ,0.059418
0.14653   ,0.02862   ,0.66498,0.10795   ,0.051919
0.084395  ,0.030922  ,0.75037,0.10395   ,0.03036
0.073418  ,0.025197  ,0.76096,0.11952   ,0.020907
0.049777  ,0.021605  ,0.77467,0.12371   ,0.030236
0.064712  ,0.019904  ,0.76894,0.11668   ,0.02976
0.087146  ,0.037552  ,0.72126,0.11626   ,0.037789
0.067149  ,0.015973  ,0.77593,0.08724   ,0.05371
0.095361  ,0.017118  ,0.72927,0.099343  ,0.058908
0.072554  ,0.012899  ,0.75499,0.099581  ,0.05998
0.028818  ,0.0081789 ,0.92732,0.031374  ,0.0043131
0.075926  ,0.012391  ,0.76788,0.088586  ,0.055219
0.071579  ,0.0098896 ,0.77721,0.095459  ,0.04586
0.06697   ,0.015256  ,0.78201,0.091022  ,0.044738
0.072505  ,0.009783  ,0.78425,0.091387  ,0.042078
0.060873  ,0.01437   ,0.80118,0.088224  ,0.035354
0.063781  ,0.010576  ,0.79983,0.094785  ,0.031027
0.069109  ,0.0083464 ,0.78757,0.10161   ,0.033362
0.070723  ,0.011105  ,0.78964,0.093356  ,0.035173
0.066568  ,0.0061189 ,0.79218,0.10449   ,0.030639
0.050507  ,0.0066364 ,0.80932,0.097729  ,0.035811
0.026165  ,0.0083897 ,0.92203,0.041005  ,0.002412
0.062575  ,0.0066801 ,0.80765,0.092314  ,0.030785
0.062519  ,0.0087669 ,0.81933,0.081971  ,0.027413
0.051091  ,0.0090867 ,0.83013,0.083785  ,0.025911
0.05326   ,0.0093803 ,0.82113,0.08821   ,0.028023
0.045702  ,0.0064459 ,0.83767,0.07291   ,0.037267
0.054537  ,0.005894  ,0.82974,0.073657  ,0.036173
0.054944  ,0.010609  ,0.81392,0.076484  ,0.044046
0.062703  ,0.0077641 ,0.80753,0.065094  ,0.056904
0.066968  ,0.0054707 ,0.80489,0.070981  ,0.051688
0.056601  ,0.0039192 ,0.81586,0.076067  ,0.047548
0.02925   ,0.0053664 ,0.93829,0.025063  ,0.0020345
0.054342  ,0.0060808 ,0.8156 ,0.082535  ,0.041443
0.054111  ,0.00534   ,0.83596,0.073464  ,0.031124
0.054436  ,0.0086122 ,0.81914,0.090087  ,0.02772
0.057525  ,0.01071   ,0.79791,0.098545  ,0.035306
0.057852  ,0.012756  ,0.8199 ,0.080003  ,0.029486
0.053578  ,0.015637  ,0.81841,0.08051   ,0.031865
0.054043  ,0.0072224 ,0.80939,0.094142  ,0.0352
0.041599  ,0.0072807 ,0.82365,0.090782  ,0.03669
0.043137  ,0.0095183 ,0.83674,0.081259  ,0.029344
0.038627  ,0.0074482 ,0.85854,0.07516   ,0.020221
0.015304  ,0.0068047 ,0.94847,0.025067  ,0.0043572
0.034495  ,0.009705  ,0.85644,0.079584  ,0.019779
0.032726  ,0.0078712 ,0.85064,0.088085  ,0.020674
0.024514  ,0.0067941 ,0.8625 ,0.083392  ,0.022797
0.022804  ,0.0059315 ,0.86188,0.084931  ,0.024448
0.023653  ,0.0058704 ,0.8694 ,0.078807  ,0.022267
0.026372  ,0.0051248 ,0.88393,0.06744   ,0.017133
0.025208  ,0.0051718 ,0.8936 ,0.059445  ,0.01658
0.022497  ,0.0044539 ,0.89475,0.061013  ,0.017284
0.021218  ,0.005666  ,0.91262,0.047252  ,0.013244
0.020776  ,0.0066258 ,0.91281,0.045247  ,0.014545
0.1073    ,0.011728  ,0.76918,0.073687  ,0.038106
0.022743  ,0.0031727 ,0.93579,0.033075  ,0.0052224
0.023063  ,0.003878  ,0.9114 ,0.047753  ,0.013908
0.025169  ,0.0052823 ,0.91441,0.042896  ,0.012243
0.025758  ,0.0038707 ,0.91218,0.043395  ,0.014796
0.023518  ,0.00406   ,0.91516,0.042976  ,0.014286
0.020357  ,0.0074676 ,0.91954,0.039668  ,0.012969
0.027071  ,0.0069721 ,0.91705,0.035736  ,0.013175
0.02702   ,0.0043892 ,0.91916,0.036915  ,0.012515
0.027597  ,0.0091564 ,0.91229,0.038392  ,0.012561
0.033726  ,0.0074249 ,0.89946,0.044907  ,0.01448
0.033207  ,0.0099239 ,0.90349,0.03947   ,0.013911
0.016334  ,0.0027803 ,0.89929,0.076244  ,0.0053467
0.039726  ,0.010125  ,0.88933,0.044902  ,0.015921
0.055889  ,0.011379  ,0.87038,0.044435  ,0.017916
0.050624  ,0.0090549 ,0.87729,0.04357   ,0.019459
0.055515  ,0.0079784 ,0.8675 ,0.048488  ,0.020514
0.068321  ,0.0073526 ,0.84355,0.053644  ,0.027135
0.063544  ,0.010664  ,0.85959,0.0419    ,0.024304
0.04191   ,0.0094525 ,0.87739,0.052585  ,0.018667
0.035196  ,0.012649  ,0.88176,0.050691  ,0.019701
0.033753  ,0.013614  ,0.89596,0.040497  ,0.016177
0.035205  ,0.0047128 ,0.90645,0.038017  ,0.015615
0.023674  ,0.0040096 ,0.88257,0.078599  ,0.011144
0.030137  ,0.0052612 ,0.91358,0.035398  ,0.015625
0.034033  ,0.0047552 ,0.90794,0.036612  ,0.016659
0.03553   ,0.0065568 ,0.89782,0.044154  ,0.01594
0.03759   ,0.0055386 ,0.88676,0.047923  ,0.022191
0.03563   ,0.0072897 ,0.88361,0.050133  ,0.023335
0.038898  ,0.0066719 ,0.89187,0.040254  ,0.022302
0.041339  ,0.0082589 ,0.87027,0.051004  ,0.029129
0.043143  ,0.0068903 ,0.88152,0.043771  ,0.024671
0.046863  ,0.0082989 ,0.88515,0.040983  ,0.018702
0.040469  ,0.010117  ,0.89123,0.03873   ,0.019453
0.044419  ,0.01261   ,0.89018,0.035579  ,0.017207
0.034343  ,0.013759  ,0.89735,0.037725  ,0.016821
0.0316    ,0.0060391 ,0.90308,0.043054  ,0.016223
0.019328  ,0.0073294 ,0.92289,0.036182  ,0.014268
0.026873  ,0.006338  ,0.90079,0.045887  ,0.020113
0.030174  ,0.010483  ,0.87654,0.061367  ,0.021438
0.021894  ,0.0062671 ,0.90498,0.046853  ,0.020005
0.028731  ,0.004352  ,0.89305,0.0625    ,0.011364
0.018489  ,0.010743  ,0.88275,0.075918  ,0.0121
0.1017    ,0.0089948 ,0.76993,0.079618  ,0.039756
0.124     ,0.014254  ,0.72717,0.088619  ,0.04595
0.11241   ,0.0093147 ,0.75432,0.081069  ,0.042889
0.12868   ,0.0086313 ,0.71367,0.10069   ,0.048328
0.00023004,0         ,0.80636,0.075339  ,0.11807
0.00082383,0         ,0.80298,0.080101  ,0.1161
0.00022046,0         ,0.79966,0.080963  ,0.11916
5.7284e-05,0         ,0.77808,0.090795  ,0.13106
0.00035874,0         ,0.79921,0.07185   ,0.12858
5.1052e-05,0         ,0.78497,0.080611  ,0.13437
0.00011396,0         ,0.76632,0.092251  ,0.14131
0.00045388,0         ,0.75516,0.10051   ,0.14388
0.054315  ,0.013241  ,0.53234,0.18834   ,0.21176
0.069212  ,0.031818  ,0.57658,0.1608    ,0.16159
0.11091   ,0.012303  ,0.47145,0.20788   ,0.19745
0.0002777 ,0         ,0.80029,0.070906  ,0.12853
0.1089    ,0.01183   ,0.50138,0.17469   ,0.20321
0.093512  ,0.026157  ,0.50618,0.16796   ,0.2062
0.040436  ,0.020853  ,0.6228 ,0.1359    ,0.18001
0.049873  ,0.017802  ,0.62024,0.14225   ,0.16983
0.05002   ,0.028121  ,0.63881,0.12924   ,0.15381
0.039037  ,0.017736  ,0.634  ,0.14198   ,0.16725
0.052977  ,0.021743  ,0.62472,0.13986   ,0.1607
0.048146  ,0.0081369 ,0.6629 ,0.13126   ,0.14956
0.068182  ,0.0078818 ,0.67612,0.1242    ,0.12362
0.0011673 ,0         ,0.76017,0.083706  ,0.15496
0.068359  ,0.014893  ,0.66215,0.12622   ,0.12838
0.057625  ,0.0084199 ,0.68345,0.13016   ,0.12034
0.057597  ,0.0067761 ,0.648  ,0.15482   ,0.13281
0.076673  ,0.0097087 ,0.67215,0.13249   ,0.10897
0.042295  ,0.00094289,0.69127,0.14278   ,0.12271
0.060557  ,0.0023673 ,0.68858,0.14234   ,0.10615
0.030537  ,0.0021906 ,0.69958,0.15233   ,0.11536
0.027726  ,0.0085684 ,0.74262,0.11923   ,0.10185
0.022022  ,0.0030893 ,0.74094,0.11686   ,0.11708
0.022171  ,7.503e-05 ,0.75893,0.11727   ,0.10155
0.0016126 ,0         ,0.75892,0.08395   ,0.15552
0.029865  ,0.0034091 ,0.76665,0.11289   ,0.08718
0.030383  ,0.0032126 ,0.78893,0.099214  ,0.078264
0.03976   ,0.0019069 ,0.78556,0.10374   ,0.069031
0.055562  ,0.0043435 ,0.7925 ,0.090514  ,0.057078
0.054073  ,0.0051607 ,0.80212,0.076571  ,0.062081
0.033134  ,0.0021652 ,0.84524,0.059715  ,0.059744
0.012888  ,0.00080749,0.84977,0.067022  ,0.069509
0.02828   ,0.00065189,0.8564 ,0.050009  ,0.064661
0.0042484 ,0.00059743,0.86883,0.056656  ,0.069667
0.0010146 ,0         ,0.73983,0.092811  ,0.16634
0.010441  ,0.00086682,0.83097,0.070016  ,0.087707
0.018023  ,0.0032991 ,0.86083,0.053244  ,0.064608
0.017035  ,0.0095741 ,0.87098,0.04414   ,0.05827
0.016146  ,0.0085649 ,0.86927,0.045965  ,0.060049
0.00084716,0         ,0.74518,0.098538  ,0.15543
0.0003532 ,0         ,0.78659,0.080805  ,0.13226
0.00015143,0         ,0.7878 ,0.08098   ,0.13107
3.2841e-05,0         ,0.82782,0.062791  ,0.10936
0.0003367 ,0         ,0.84531,0.059063  ,0.095286
0         ,0         ,0.83572,0.057044  ,0.10724
0.0002756 ,0         ,0.80777,0.069037  ,0.12292
0.0025303 ,0         ,0.82976,0.060253  ,0.10746
0.0093321 ,0.0009839 ,0.77973,0.079666  ,0.13029
0.00016284,0         ,0.49568,0.18401   ,0.32014
0.0030014 ,0         ,0.57066,0.1532    ,0.27313
0.0023647 ,0         ,0.52135,0.17221   ,0.30408
0.010758  ,0.00082265,0.76706,0.087897  ,0.13346
0.0064126 ,0         ,0.57036,0.15644   ,0.26679
0.00066957,0         ,0.68832,0.12345   ,0.18756
0.00095078,0         ,0.72976,0.10539   ,0.1639
0         ,0         ,0.71921,0.12348   ,0.1573
0.0027826 ,0         ,0.68543,0.14108   ,0.17071
0.0013529 ,0         ,0.74453,0.10188   ,0.15224
0.00073543,0         ,0.69921,0.12576   ,0.1743
0.0027169 ,0         ,0.77216,0.094626  ,0.1305
0.0011567 ,0         ,0.71277,0.11901   ,0.16706
0.0023277 ,0         ,0.71212,0.11563   ,0.16993
0.014697  ,0.0019918 ,0.77948,0.075839  ,0.12799
0.0019395 ,0         ,0.66032,0.1366    ,0.20114
0.0054545 ,0         ,0.61957,0.15134   ,0.22364
0.0036884 ,0         ,0.68554,0.13172   ,0.17906
0.0039623 ,0         ,0.6597 ,0.13601   ,0.20033
0.005733  ,0         ,0.68188,0.13086   ,0.18153
0.0063078 ,0         ,0.73292,0.10865   ,0.15213
0.013085  ,0         ,0.74803,0.10735   ,0.13153
0.017471  ,0         ,0.77124,0.098291  ,0.113
0.018731  ,5.3136e-05,0.7801 ,0.10452   ,0.096602
0.019738  ,5.4526e-05,0.7774 ,0.10139   ,0.10142
0.028969  ,0.0031615 ,0.70966,0.095979  ,0.16223
0.016497  ,0         ,0.78243,0.092855  ,0.10822
0.010799  ,0         ,0.79725,0.089725  ,0.10223
0.012434  ,0         ,0.82055,0.078329  ,0.08869
0.015858  ,0         ,0.82743,0.072841  ,0.083874
0.017295  ,0.0012071 ,0.83335,0.06635   ,0.081793
0.014974  ,0.00056573,0.84748,0.072166  ,0.064812
0.014934  ,0.00013394,0.86702,0.058128  ,0.059786
0.017594  ,0         ,0.8691 ,0.054322  ,0.058979
0.018522  ,0         ,0.86574,0.051045  ,0.064696
0.0168    ,0         ,0.86764,0.054175  ,0.061382
0.016088  ,0.0055086 ,0.7231 ,0.09662   ,0.15869
0.020311  ,0         ,0.83463,0.067025  ,0.078034
0.023827  ,0         ,0.84109,0.065897  ,0.069186
0.021583  ,7.5798e-05,0.86174,0.054536  ,0.062059
0.016238  ,1.9014e-05,0.85713,0.059401  ,0.067216
0.013358  ,7.2696e-05,0.8672 ,0.052159  ,0.067207
0.0092852 ,0.00010433,0.87114,0.052546  ,0.066926
0.012059  ,6.4313e-05,0.88321,0.044794  ,0.059875
0.011424  ,0.00014085,0.88269,0.045947  ,0.059797
0.0093981 ,9.9677e-05,0.88781,0.046364  ,0.056332
0.010168  ,0         ,0.89237,0.039265  ,0.058195
0.030457  ,0.0035468 ,0.68486,0.10357   ,0.17757
0.0092357 ,0         ,0.88644,0.042449  ,0.061875
0.0087286 ,0.00013877,0.89234,0.039188  ,0.059601
0.0087161 ,0         ,0.88904,0.042211  ,0.060032
0.0071712 ,0.00045917,0.88611,0.047619  ,0.058639
0.00748   ,0.00083111,0.88784,0.046239  ,0.057611
0.0080099 ,0.0010797 ,0.88834,0.042778  ,0.05979
0.0074575 ,0.0012939 ,0.89502,0.039458  ,0.056766
0.0070953 ,0.0013855 ,0.88149,0.048869  ,0.061157
0.0084779 ,0.0015427 ,0.8855 ,0.044938  ,0.059546
0.012008  ,0.00035193,0.87381,0.048285  ,0.065544
0.030955  ,0.0072217 ,0.67001,0.11162   ,0.18019
0.01403   ,0.00041439,0.87767,0.042045  ,0.065843
0.013651  ,0.0012204 ,0.87873,0.041365  ,0.065035
0.017316  ,0.00029454,0.86457,0.047034  ,0.070783
0.027194  ,0.00051687,0.86315,0.052671  ,0.056473
0.022676  ,0.00047312,0.87971,0.038779  ,0.058362
0.018321  ,6.5142e-05,0.88328,0.041023  ,0.057309
0.027868  ,0.00031648,0.86406,0.041933  ,0.065827
0.030868  ,0.00054122,0.86056,0.050749  ,0.057279
0.029165  ,0.00070125,0.86676,0.049645  ,0.053727
0.024498  ,0.0009568 ,0.85939,0.054777  ,0.060378
0.016117  ,0.012096  ,0.71967,0.093105  ,0.15901
0.010325  ,2.6074e-05,0.86979,0.057129  ,0.062735
0.003196  ,2.9593e-05,0.866  ,0.059629  ,0.071141
0.0012225 ,6.6079e-05,0.85572,0.066673  ,0.076321
0.0018944 ,0.00011366,0.86319,0.05846   ,0.076343
0.0020833 ,0         ,0.875  ,0.05      ,0.072917
0.00099952,0         ,0.88538,0.051335  ,0.06229
8.5034e-05,0         ,0.90816,0.044983  ,0.046769
0.029243  ,0.0083504 ,0.69816,0.10852   ,0.15573
0.030732  ,0.0098094 ,0.73778,0.089185  ,0.13249
0.026654  ,0.001702  ,0.74955,0.096853  ,0.12524
0.040085  ,0.0038955 ,0.76505,0.078098  ,0.11287
0.033861  ,0.0049473 ,0.79716,0.069232  ,0.094798
0.010846  ,0.0028096 ,0.8145 ,0.079323  ,0.092522
0.017044  ,0.00089706,0.8056 ,0.071728  ,0.10473
0.016041  ,0.0012564 ,0.84444,0.066939  ,0.071322
0.0032562 ,0.0035739 ,0.87706,0.051279  ,0.064833
0.0023741 ,0.0028604 ,0.87363,0.053232  ,0.067906
0.0016939 ,0.0025409 ,0.88158,0.051315  ,0.062874
0.0013773 ,3.6245e-05,0.8626 ,0.055672  ,0.080319
4.5455e-05,0         ,0.81427,0.089136  ,0.096545
0.00057117,0         ,0.81457,0.09102   ,0.093835
0.0011993 ,0         ,0.8059 ,0.089303  ,0.1036
0.001583  ,0         ,0.79281,0.10941   ,0.096201
0.0020571 ,0         ,0.77669,0.0968    ,0.12446
0         ,0         ,0.8932 ,0.069551  ,0.037251
0         ,0         ,0.90054,0.062661  ,0.036799
0.27024   ,0.0012987 ,0.46737,0.11434   ,0.14675
0.25202   ,0.0021445 ,0.52833,0.095787  ,0.12172
0.26064   ,0.066216  ,0.62192,0.022391  ,0.028829
0.24793   ,0.087621  ,0.6305 ,0.016266  ,0.017684
0.24815   ,0.12231   ,0.59647,0.016853  ,0.016221
0.24791   ,0.14322   ,0.58134,0.0095519 ,0.01798
0.26257   ,0.13174   ,0.5879 ,0.0063022 ,0.011478
0.24468   ,0.090748  ,0.63849,0.014629  ,0.011461
0.19821   ,0.080413  ,0.69149,0.014187  ,0.015699
0.2208    ,0.087552  ,0.64408,0.021305  ,0.026267
0.21397   ,0.15514   ,0.58684,0.01737   ,0.026688
0.23785   ,0.16745   ,0.54438,0.017869  ,0.032447
0.30296   ,0.0042763 ,0.48332,0.067951  ,0.14149
0.26247   ,0.19866   ,0.47785,0.024241  ,0.036785
0.2971    ,0.15924   ,0.48186,0.025129  ,0.036671
0.31656   ,0.15477   ,0.4635 ,0.024398  ,0.040775
0.33233   ,0.21056   ,0.38498,0.02902   ,0.043105
0.31728   ,0.22558   ,0.38791,0.024295  ,0.044938
0.40937   ,0.19261   ,0.29975,0.036766  ,0.061503
0.32704   ,0.20535   ,0.40028,0.031168  ,0.036161
0.28676   ,0.20543   ,0.4329 ,0.029304  ,0.045601
0.3701    ,0.20803   ,0.30521,0.038158  ,0.078508
0.258     ,0.23693   ,0.42187,0.027248  ,0.055952
0.27432   ,0.0035547 ,0.51855,0.064505  ,0.13907
0.3628    ,0.2329    ,0.2884 ,0.038784  ,0.077115
0.33043   ,0.2006    ,0.35651,0.040516  ,0.07195
0.25517   ,0.15763   ,0.49223,0.036853  ,0.058119
0.27116   ,0.14248   ,0.48023,0.038858  ,0.06727
0.25838   ,0.10148   ,0.51771,0.041133  ,0.081292
0.33807   ,0.12449   ,0.40442,0.042389  ,0.090628
0.25946   ,0.14566   ,0.49758,0.035581  ,0.061729
0.25412   ,0.19696   ,0.45952,0.030211  ,0.059192
0.29879   ,0.22411   ,0.37774,0.033356  ,0.066005
0.25488   ,0.22359   ,0.42782,0.031331  ,0.062383
0.24584   ,0.0039238 ,0.56786,0.060366  ,0.12201
0.24813   ,0.21615   ,0.44657,0.029733  ,0.05941
0.22465   ,0.18519   ,0.51504,0.024309  ,0.05081
0.22333   ,0.14713   ,0.54863,0.024983  ,0.05593
0.24282   ,0.17306   ,0.47712,0.03334   ,0.073665
0.22745   ,0.17538   ,0.49099,0.033028  ,0.073148
0.20059   ,0.18064   ,0.52673,0.030516  ,0.061526
0.22818   ,0.21366   ,0.4584 ,0.030788  ,0.068966
0.22603   ,0.19822   ,0.48343,0.029435  ,0.06289
0.17642   ,0.21938   ,0.53133,0.025642  ,0.047229
0.23305   ,0.24664   ,0.42427,0.032101  ,0.063936
0.28461   ,0.0029101 ,0.50106,0.066005  ,0.14541
0.18746   ,0.17722   ,0.54179,0.029711  ,0.063823
0.15105   ,0.092404  ,0.67304,0.025984  ,0.057516
0.12014   ,0.051825  ,0.75834,0.02378   ,0.045912
0.13447   ,0.056403  ,0.72629,0.026722  ,0.056111
0.1433    ,0.036649  ,0.73916,0.025581  ,0.055312
0.15524   ,0.068531  ,0.69008,0.031237  ,0.05492
0.16602   ,0.09284   ,0.65677,0.029456  ,0.054921
0.17655   ,0.083456  ,0.64347,0.033179  ,0.063345
0.172     ,0.053111  ,0.66998,0.038351  ,0.066555
0.17815   ,0.022196  ,0.69332,0.035302  ,0.071032
0.26197   ,0.00544   ,0.54368,0.056214  ,0.1327
0.15897   ,0.017924  ,0.72582,0.031623  ,0.065661
0.19636   ,0.0097293 ,0.67122,0.038424  ,0.084273
0.1455    ,0.010158  ,0.74288,0.033406  ,0.068052
0.14989   ,0.067259  ,0.69407,0.029883  ,0.0589
0.15231   ,0.044122  ,0.7025 ,0.034493  ,0.066574
0.12101   ,0.04237   ,0.75574,0.026744  ,0.054142
0.13391   ,0.011841  ,0.7597 ,0.02972   ,0.064829
0.13548   ,0.0036994 ,0.77162,0.030202  ,0.059003
0.13748   ,0.0022669 ,0.76559,0.03303   ,0.061628
0.13203   ,0.0041082 ,0.76924,0.033078  ,0.061538
0.27933   ,0.0026024 ,0.53367,0.053536  ,0.13087
0.14158   ,0.0044174 ,0.75211,0.03499   ,0.066898
0.12718   ,0.0029627 ,0.78468,0.030025  ,0.055148
0.12338   ,0.002611  ,0.7834 ,0.029866  ,0.060745
0.10945   ,0.0034711 ,0.81122,0.023518  ,0.052349
0.1195    ,0.0031384 ,0.79505,0.028372  ,0.053937
0.10927   ,0.0019376 ,0.81223,0.023547  ,0.053013
0.10122   ,0.0016952 ,0.80903,0.028234  ,0.059823
0.096655  ,0.0022832 ,0.8286 ,0.0231    ,0.049362
0.082977  ,0.0011715 ,0.84581,0.022382  ,0.04766
0.094246  ,0.0029971 ,0.83071,0.021752  ,0.050292
0.24436   ,0.0039564 ,0.58192,0.047187  ,0.12258
0.092783  ,0.0020065 ,0.82957,0.023521  ,0.052117
0.087001  ,0.0023522 ,0.83397,0.023189  ,0.053485
0.082764  ,0.0010284 ,0.83655,0.024653  ,0.055006
0.084292  ,0.0019233 ,0.8387 ,0.021677  ,0.05341
0.078367  ,0.001577  ,0.84151,0.024439  ,0.054112
0.084107  ,0.0027197 ,0.83222,0.023907  ,0.057043
0.088053  ,0.0018681 ,0.82653,0.026804  ,0.056746
0.094322  ,0.001997  ,0.81729,0.027285  ,0.059105
0.093257  ,0.0014363 ,0.81899,0.024284  ,0.062035
0.093111  ,0.0016431 ,0.81153,0.02637   ,0.067346
0.24769   ,0.0036794 ,0.57443,0.045574  ,0.12863
0.092023  ,0.0024475 ,0.80463,0.026659  ,0.074242
0.10063   ,0.0044116 ,0.78917,0.029881  ,0.075908
0.10567   ,0.0030259 ,0.78015,0.033578  ,0.077579
0.10117   ,0.0032331 ,0.78107,0.035237  ,0.079295
0.10647   ,0.0030029 ,0.77181,0.031341  ,0.087376
0.12197   ,0.005136  ,0.7449 ,0.03664   ,0.091356
0.1321    ,0.0048751 ,0.72641,0.040772  ,0.095841
0.13158   ,0.0055755 ,0.73336,0.035747  ,0.09374
0.12819   ,0.0053469 ,0.72573,0.045775  ,0.094955
0.1236    ,0.0093288 ,0.7548 ,0.038849  ,0.073421
0.23016   ,0.0028243 ,0.59259,0.049816  ,0.12461
0.11716   ,0.0096841 ,0.74382,0.04477   ,0.084566
0.11084   ,0.012077  ,0.74221,0.045793  ,0.089072
0.14127   ,0.0059698 ,0.70171,0.056714  ,0.094339
0.1492    ,0.01064   ,0.6501 ,0.062939  ,0.12712
0.31291   ,0.0054831 ,0.42497,0.10216   ,0.15447
0.21788   ,0.0068047 ,0.58951,0.049145  ,0.13665
0.25285   ,0.0073067 ,0.53863,0.051484  ,0.14973
0.22935   ,0.0051282 ,0.5748 ,0.047166  ,0.14356
0.22346   ,0.0040972 ,0.57728,0.048743  ,0.14642
0.22239   ,0.0034888 ,0.57898,0.053196  ,0.14195
0.20311   ,0.005497  ,0.61354,0.046696  ,0.13116
0.20539   ,0.0059068 ,0.60846,0.047283  ,0.13296
0.19315   ,0.0039125 ,0.64085,0.039485  ,0.1226
0.18144   ,0.0039602 ,0.64594,0.0431    ,0.12556
0.17402   ,0.0022262 ,0.67689,0.036964  ,0.1099
0.32486   ,0.0057859 ,0.39302,0.12156   ,0.15477
0.18924   ,0.003343  ,0.64297,0.040189  ,0.12425
0.17436   ,0.0036193 ,0.6668 ,0.036717  ,0.1185
0.17798   ,0.0022706 ,0.65975,0.038739  ,0.12126
0.15375   ,0.0019015 ,0.7074 ,0.030718  ,0.10623
0.15317   ,0.0016887 ,0.69468,0.035945  ,0.11451
0.14752   ,0.0035618 ,0.7079 ,0.043323  ,0.097694
0.15227   ,0.0039949 ,0.7105 ,0.033434  ,0.099798
0.15844   ,0.0022946 ,0.70759,0.031111  ,0.10056
0.15721   ,0.0019388 ,0.71608,0.03412   ,0.090654
0.14343   ,0.0015473 ,0.72286,0.040591  ,0.091566
0.29908   ,0.0053341 ,0.46573,0.098222  ,0.13163
0.14222   ,0.0021567 ,0.7266 ,0.035852  ,0.093168
0.15556   ,0.0060779 ,0.71077,0.034072  ,0.093527
0.13639   ,0.0045087 ,0.73268,0.038193  ,0.08823
0.15037   ,0.0021965 ,0.73155,0.036894  ,0.07899
0.13275   ,0.0015852 ,0.74233,0.040157  ,0.083174
0.13316   ,0.002502  ,0.74807,0.037008  ,0.079266
0.12729   ,0.0034746 ,0.59958,0.085932  ,0.18373
0.13436   ,0.00046172,0.55552,0.073798  ,0.23586
0.14506   ,0.0013774 ,0.56242,0.059156  ,0.23198
0.15912   ,0.0018876 ,0.61476,0.064402  ,0.15984
0.20304   ,0.0017435 ,0.52818,0.066198  ,0.20084
0.12523   ,0.002682  ,0.75774,0.032516  ,0.081832
0.21663   ,0.00081257,0.52524,0.069285  ,0.18803
0.22539   ,0.0020393 ,0.52367,0.060588  ,0.18831
0.23279   ,0.0019613 ,0.54488,0.068647  ,0.15172
0.25763   ,0.0015903 ,0.51895,0.070202  ,0.15163
0.22287   ,0.0011764 ,0.57184,0.058933  ,0.14519
0.20487   ,0.0029562 ,0.57403,0.066353  ,0.1518
0.20576   ,0.0033552 ,0.57459,0.062266  ,0.15402
0.22179   ,0.0024485 ,0.58256,0.061181  ,0.13202
0.21907   ,0.0015988 ,0.62073,0.053605  ,0.105
0.13091   ,0.0024308 ,0.75531,0.031368  ,0.079984
0.20285   ,0.0019531 ,0.61752,0.056613  ,0.12107
0.19387   ,0.0019151 ,0.62089,0.067081  ,0.11625
0.19208   ,0.00070302,0.61423,0.067307  ,0.12568
0.16982   ,0.0013801 ,0.62319,0.081104  ,0.12451
0.15315   ,0.0010213 ,0.64121,0.081234  ,0.12338
0.13654   ,0.001196  ,0.65995,0.073495  ,0.12882
0.14365   ,0.0012451 ,0.64922,0.070955  ,0.13493
0.14266   ,0.0023245 ,0.62736,0.080717  ,0.14694
0.14579   ,0.0023403 ,0.65384,0.071395  ,0.12663
0.14014   ,0.0018156 ,0.67004,0.065892  ,0.12211
0.11913   ,0.0012811 ,0.77175,0.030804  ,0.077039
0.13874   ,0.0016931 ,0.66245,0.074245  ,0.12287
0.12947   ,0.0017709 ,0.6979 ,0.064615  ,0.10624
0.12062   ,0.0010411 ,0.73108,0.058107  ,0.089146
0.13596   ,0.0014282 ,0.72548,0.061853  ,0.075284
0.12589   ,0.0013804 ,0.75194,0.049891  ,0.070896
0.13645   ,0.00059295,0.73057,0.057601  ,0.074783
0.14332   ,0.0014691 ,0.74376,0.047996  ,0.063449
0.14586   ,0.0015853 ,0.74079,0.047781  ,0.063978
0.15597   ,0.001356  ,0.73051,0.044456  ,0.067712
0.14692   ,0.0021021 ,0.71466,0.06077   ,0.075553
0.10984   ,0.0014589 ,0.79351,0.025663  ,0.069523
0.14773   ,0.00083337,0.70098,0.073971  ,0.076485
0.1705    ,0.002436  ,0.63651,0.092569  ,0.097976
0.19412   ,0.002465  ,0.59377,0.096803  ,0.11283
0.21524   ,0.0021421 ,0.55877,0.10235   ,0.1215
0.19748   ,0.0018743 ,0.57481,0.10753   ,0.11831
0.20645   ,0.00063194,0.52456,0.12955   ,0.13881
0.19588   ,0.0022559 ,0.53555,0.12987   ,0.13644
0.29797   ,0.0053105 ,0.48336,0.088859  ,0.12451
0.11783   ,0.028317  ,0.75821,0.027316  ,0.068336
0.11675   ,0.028029  ,0.76546,0.027613  ,0.062146
0.11221   ,0.022524  ,0.78267,0.025384  ,0.057208
0.10558   ,0.0022002 ,0.79825,0.027451  ,0.066517
0.096773  ,0.0016849 ,0.8108 ,0.027954  ,0.062791
0.094901  ,0.0059676 ,0.81167,0.023409  ,0.064057
0.094192  ,0.026179  ,0.7945 ,0.023791  ,0.061338
0.094486  ,0.05412   ,0.76393,0.024581  ,0.062881
0.092451  ,0.049437  ,0.7739 ,0.024986  ,0.059231
0.29422   ,0.003933  ,0.48044,0.089653  ,0.13176
0.092007  ,0.015205  ,0.80748,0.024827  ,0.060476
0.090734  ,0.0068031 ,0.82139,0.024059  ,0.057016
0.094853  ,0.0077148 ,0.80874,0.026856  ,0.061835
0.093697  ,0.014064  ,0.80821,0.024892  ,0.059134
0.090316  ,0.024931  ,0.797  ,0.027541  ,0.060211
0.092982  ,0.058948  ,0.76231,0.026724  ,0.059041
0.086928  ,0.073589  ,0.74667,0.029373  ,0.063439
0.087777  ,0.0743    ,0.73931,0.03245   ,0.066167
0.09416   ,0.090967  ,0.72561,0.029096  ,0.060165
0.10467   ,0.084683  ,0.73402,0.024816  ,0.051803
0.27109   ,0.0031056 ,0.51076,0.088622  ,0.12643
0.10876   ,0.060065  ,0.75442,0.027745  ,0.049011
0.11255   ,0.074774  ,0.73844,0.029041  ,0.045192
0.10671   ,0.11015   ,0.69453,0.033868  ,0.054748
0.124     ,0.15904   ,0.62682,0.038529  ,0.051612
0.14105   ,0.20508   ,0.56307,0.037187  ,0.053606
0.14025   ,0.18355   ,0.58015,0.034464  ,0.061587
0.15259   ,0.16799   ,0.58477,0.035855  ,0.058795
0.14867   ,0.13511   ,0.62564,0.033964  ,0.056617
0.17429   ,0.1332    ,0.60481,0.036192  ,0.051513
0.17398   ,0.11155   ,0.63319,0.030754  ,0.050521
0.27533   ,0.0028338 ,0.49097,0.098633  ,0.13223
0.20296   ,0.11319   ,0.59977,0.038432  ,0.045645
0.25367   ,0.074255  ,0.59415,0.03904   ,0.038892
0.22524   ,0.063151  ,0.64352,0.03419   ,0.0339
0.18005   ,0.082537  ,0.68643,0.024775  ,0.02621
0.17206   ,0.13296   ,0.64753,0.020531  ,0.026919
0.20158   ,0.088721  ,0.65118,0.028543  ,0.029982
0.22326   ,0.054419  ,0.6659 ,0.027149  ,0.029275
0.21688   ,0.066074  ,0.67196,0.022389  ,0.022706
0.22501   ,0.066021  ,0.67033,0.018801  ,0.019838
0.21776   ,0.073105  ,0.66583,0.025802  ,0.017507
0.27344   ,0.0021674 ,0.52397,0.074841  ,0.12558
0.2376    ,0.054171  ,0.66163,0.024452  ,0.022146
0.21913   ,0.096805  ,0.64209,0.022106  ,0.019875
0.2426    ,0.15348   ,0.56635,0.019345  ,0.018228
0.23949   ,0.1395    ,0.58022,0.019711  ,0.021076
0.24342   ,0.084518  ,0.62297,0.022676  ,0.026416
0.25582   ,0.10052   ,0.58855,0.025562  ,0.02954
0.25816   ,0.1131    ,0.55787,0.029791  ,0.041074
0.26867   ,0.11098   ,0.5529 ,0.027934  ,0.039517
0.25156   ,0.099791  ,0.58521,0.028413  ,0.035018
0.25703   ,0.093359  ,0.59766,0.021929  ,0.03002
0.027014  ,0.0085817 ,0.89571,0.041006  ,0.027687
0.017945  ,0.0034136 ,0.94222,0.024018  ,0.012407
0.023302  ,0.0053762 ,0.94108,0.018909  ,0.011337
0.032526  ,0.0036189 ,0.92999,0.017976  ,0.015885
0.036717  ,0.0071477 ,0.92637,0.01587   ,0.013898
0.034437  ,0.0064605 ,0.92716,0.016685  ,0.015257
0.14898   ,0.0071721 ,0.75307,0.06957   ,0.021209
0.065495  ,0.016396  ,0.845  ,0.057795  ,0.015309
0.034091  ,0.02167   ,0.86434,0.059197  ,0.020701
0.043079  ,0.0083571 ,0.91948,0.01574   ,0.013342
0.064532  ,0.017134  ,0.82578,0.068324  ,0.024226
0.038976  ,0.021693  ,0.86963,0.053983  ,0.015718
0.033306  ,0.015227  ,0.87651,0.052496  ,0.022459
0.074186  ,0.012121  ,0.84063,0.053143  ,0.019921
0.065954  ,0.014145  ,0.84501,0.056634  ,0.018257
0.0654    ,0.011367  ,0.86468,0.04796   ,0.010589
0.08072   ,0.015004  ,0.84216,0.04061   ,0.021505
0.068002  ,0.030182  ,0.82329,0.047382  ,0.031143
0.13071   ,0.016689  ,0.76979,0.051616  ,0.031202
0.061613  ,0.03212   ,0.82829,0.035207  ,0.042765
0.046559  ,0.0066746 ,0.92604,0.011541  ,0.0091894
0.081022  ,0.021513  ,0.83689,0.02499   ,0.035583
0.091935  ,0.017535  ,0.80877,0.03933   ,0.042432
0.08392   ,0.022429  ,0.82761,0.029986  ,0.036059
0.088824  ,0.015475  ,0.8375 ,0.025458  ,0.03274
0.11392   ,0.011494  ,0.81916,0.02864   ,0.026788
0.088802  ,0.015314  ,0.84188,0.027828  ,0.026176
0.098847  ,0.017816  ,0.83783,0.022385  ,0.023127
0.11978   ,0.017244  ,0.81358,0.031165  ,0.01824
0.093186  ,0.021369  ,0.83789,0.026814  ,0.02074
0.089181  ,0.013701  ,0.8509 ,0.030141  ,0.016073
0.041575  ,0.0059793 ,0.92884,0.012172  ,0.011438
0.10024   ,0.013526  ,0.83545,0.028413  ,0.022373
0.11409   ,0.01395   ,0.82185,0.033732  ,0.016382
0.09988   ,0.0099736 ,0.84108,0.030351  ,0.018715
0.10914   ,0.015126  ,0.82122,0.027696  ,0.026815
0.092199  ,0.012871  ,0.84755,0.030654  ,0.016721
0.092876  ,0.013374  ,0.83768,0.035939  ,0.020126
0.093441  ,0.017646  ,0.83245,0.035317  ,0.021143
0.095358  ,0.010115  ,0.84759,0.029301  ,0.01764
0.083908  ,0.011812  ,0.8381 ,0.043678  ,0.022499
0.091775  ,0.011707  ,0.84245,0.035505  ,0.018564
0.047385  ,0.0073879 ,0.91449,0.017482  ,0.013254
0.074155  ,0.013112  ,0.86389,0.036443  ,0.012404
0.075541  ,0.015104  ,0.8628 ,0.035897  ,0.010657
0.064717  ,0.0087045 ,0.87806,0.03081   ,0.017713
0.055855  ,0.0098456 ,0.88872,0.033584  ,0.011992
0.058093  ,0.0094812 ,0.88146,0.036737  ,0.014231
0.052728  ,0.01069   ,0.87684,0.042927  ,0.016811
0.051481  ,0.011028  ,0.87915,0.041254  ,0.017091
0.044934  ,0.0088613 ,0.90147,0.031175  ,0.01356
0.041367  ,0.0080304 ,0.89554,0.038825  ,0.016242
0.035639  ,0.011783  ,0.90691,0.034523  ,0.011149
0.053055  ,0.0068586 ,0.9095 ,0.015989  ,0.014602
0.031823  ,0.016318  ,0.90746,0.0349    ,0.0094945
0.02736   ,0.011047  ,0.91303,0.036355  ,0.012207
0.041039  ,0.0069793 ,0.89147,0.043154  ,0.017353
0.036104  ,0.015403  ,0.90072,0.03416   ,0.013609
0.045733  ,0.012093  ,0.89262,0.031749  ,0.017807
0.043397  ,0.011706  ,0.89337,0.038454  ,0.013075
0.03762   ,0.014111  ,0.88172,0.044926  ,0.021621
0.023653  ,0.02186   ,0.90095,0.035976  ,0.017556
0.045296  ,0.011555  ,0.87558,0.041642  ,0.025931
0.045262  ,0.0088212 ,0.87645,0.040544  ,0.028921
0.024349  ,0.0073267 ,0.89137,0.046017  ,0.030941
0.045588  ,0.0049704 ,0.92168,0.015858  ,0.0119
0.055073  ,0.018281  ,0.84774,0.053595  ,0.025309
0.054476  ,0.018294  ,0.84588,0.052336  ,0.029011
0.046455  ,0.010274  ,0.8639 ,0.048258  ,0.031112
0.033773  ,0.0038388 ,0.8805 ,0.04756   ,0.03433
0.035842  ,0.0062228 ,0.86392,0.052192  ,0.041821
0.041222  ,0.0051961 ,0.87133,0.043147  ,0.039108
0.029259  ,0.0075991 ,0.88821,0.042705  ,0.032229
0.044196  ,0.002868  ,0.88034,0.041613  ,0.030979
0.038171  ,0.0042076 ,0.90146,0.031116  ,0.025044
0.033707  ,0.0085679 ,0.90097,0.034573  ,0.022179
0.042333  ,0.0056059 ,0.92378,0.016989  ,0.011291
0.036652  ,0.0043437 ,0.91089,0.030342  ,0.017773
0.033202  ,0.0072464 ,0.91543,0.028804  ,0.015317
0.032077  ,0.0043656 ,0.92298,0.025692  ,0.014886
0.028322  ,0.0044825 ,0.92313,0.028923  ,0.015138
0.026848  ,0.0043102 ,0.93664,0.023147  ,0.0090557
0.018668  ,0.0045724 ,0.94046,0.02926   ,0.0070395
0.02148   ,0.0034241 ,0.93926,0.030558  ,0.0052755
0.0095552 ,0.0056452 ,0.9489 ,0.031256  ,0.0046432
7.8709e-05,0.0014168 ,0.96665,0.029621  ,0.0022301
0.0015129 ,0.0013641 ,0.96595,0.029216  ,0.0019593
0.04362   ,0.0054927 ,0.9199 ,0.019951  ,0.011037
0.040862  ,0.0064991 ,0.91994,0.021689  ,0.011013
0.02965   ,0.0050758 ,0.92952,0.02138   ,0.014373
0.036906  ,0.004153  ,0.92257,0.024112  ,0.012261
0.03692   ,0.0049807 ,0.92487,0.022135  ,0.011098
0.037194  ,0.0045455 ,0.92901,0.019523  ,0.0097318
0.040616  ,0.005522  ,0.92162,0.021774  ,0.010465
0.041529  ,0.0074213 ,0.91751,0.020955  ,0.012581
0.021847  ,0.0057802 ,0.90917,0.037591  ,0.025612
0.039937  ,0.0067924 ,0.9228 ,0.021914  ,0.0085525
0.042123  ,0.0045153 ,0.92649,0.019894  ,0.0069825
0.037141  ,0.0062799 ,0.92994,0.016974  ,0.0096651
0.037189  ,0.0039642 ,0.93465,0.016264  ,0.0079284
0.035855  ,0.0057092 ,0.92728,0.020327  ,0.010831
0.032386  ,0.0027815 ,0.93784,0.01662   ,0.010373
0.037615  ,0.0031451 ,0.93214,0.018285  ,0.0088154
0.035904  ,0.0045861 ,0.92745,0.021601  ,0.010458
0.038554  ,0.0034143 ,0.91957,0.028204  ,0.010255
0.074026  ,0.011889  ,0.87104,0.040441  ,0.0026035
0.075683  ,0.007893  ,0.85921,0.047862  ,0.0093484
0.034228  ,0.0041708 ,0.92925,0.020542  ,0.011813
0.078982  ,0.019823  ,0.83912,0.054779  ,0.0073009
0.076115  ,0.042607  ,0.83074,0.039092  ,0.011443
0.084908  ,0.02995   ,0.82474,0.048807  ,0.011597
0.07922   ,0.019502  ,0.84956,0.03884   ,0.012881
0.070914  ,0.01965   ,0.85676,0.03656   ,0.016113
0.062114  ,0.028383  ,0.83197,0.0451    ,0.032438
0.086085  ,0.029335  ,0.78379,0.061231  ,0.039556
0.068259  ,0.033914  ,0.78109,0.074697  ,0.042036
0.064977  ,0.022517  ,0.78928,0.076181  ,0.047047
0.071729  ,0.017231  ,0.8111 ,0.057969  ,0.041975
0.023937  ,0.0090918 ,0.90639,0.033422  ,0.027156
0.033647  ,0.0041218 ,0.92046,0.030034  ,0.011739
0.067977  ,0.016477  ,0.80455,0.060249  ,0.05075
0.06092   ,0.015145  ,0.81188,0.063308  ,0.048749
0.052961  ,0.012202  ,0.82749,0.062359  ,0.044987
0.049588  ,0.016158  ,0.80165,0.072565  ,0.060041
0.033818  ,0.014831  ,0.82303,0.072409  ,0.055911
0.029552  ,0.011383  ,0.82891,0.071379  ,0.058774
0.025445  ,0.0080067 ,0.85845,0.050414  ,0.057687
0.032772  ,0.0021879 ,0.92401,0.02877   ,0.012262
0.028098  ,0.0044836 ,0.92   ,0.032425  ,0.014994
0.022383  ,0.005137  ,0.92731,0.030576  ,0.014594
0.025988  ,0.0034146 ,0.92133,0.031634  ,0.017634
0.015518  ,0.0039846 ,0.93659,0.029761  ,0.014144
0.010061  ,0.0039834 ,0.93799,0.029709  ,0.01826
0.014929  ,0.0024284 ,0.92148,0.037516  ,0.02365
0.01733   ,0.0023474 ,0.91141,0.038196  ,0.030719
0.019765  ,0.00053772,0.88675,0.051524  ,0.041421
0.019739  ,0.0084832 ,0.91834,0.028784  ,0.024658
0.023964  ,0.0029895 ,0.86824,0.053084  ,0.051723
0.028852  ,0.0010459 ,0.87645,0.048216  ,0.045437
0.021503  ,0.0021663 ,0.87831,0.053344  ,0.044679
0.018512  ,0.0027536 ,0.87815,0.050614  ,0.049973
0.025159  ,0.0018343 ,0.87794,0.051924  ,0.043141
0.02297   ,0.0037052 ,0.88272,0.052719  ,0.037886
0.018091  ,0.0037449 ,0.89432,0.050827  ,0.033013
0.016759  ,0.021611  ,0.88554,0.042047  ,0.034039
0.019724  ,0.016839  ,0.88752,0.041621  ,0.034299
0.016203  ,0.00636   ,0.92842,0.026682  ,0.022336
0.019583  ,0.020446  ,0.89169,0.038794  ,0.029488
0.014091  ,0.021635  ,0.91399,0.038397  ,0.011887
0.018472  ,0.03008   ,0.90875,0.038426  ,0.0042741
0.022291  ,0.042947  ,0.89405,0.03718   ,0.003535
0.026287  ,0.04144   ,0.89377,0.036517  ,0.0019808
0.034457  ,0.051207  ,0.87438,0.038537  ,0.0014184
0.06333   ,0.033236  ,0.85212,0.046957  ,0.0043578
0.025444  ,0.017373  ,0.90333,0.048103  ,0.0057506
0.00774   ,0.0073988 ,0.93338,0.047499  ,0.0039867
0.0083176 ,0.0042373 ,0.92   ,0.064952  ,0.0024914
0.022806  ,0.0045458 ,0.92457,0.03156   ,0.016515
0         ,4.8395e-05,0.93256,0.065913  ,0.001476
0.022588  ,0.0033577 ,0.92723,0.0306    ,0.016224
0.023362  ,0.0040203 ,0.93329,0.024777  ,0.014547
0.19522   ,0.007973  ,0.70418,0.026385  ,0.06625
0.1711    ,0.0075269 ,0.73925,0.025067  ,0.057056
0.20073   ,0.0069764 ,0.69484,0.028409  ,0.069045
0.20316   ,0.0050381 ,0.68396,0.032475  ,0.075368
0.21299   ,0.0084638 ,0.68264,0.029146  ,0.066756
0.20504   ,0.0050846 ,0.70653,0.028794  ,0.054548
0.20977   ,0.0023112 ,0.68903,0.033403  ,0.065485
0.21014   ,0.0030341 ,0.68628,0.040751  ,0.059793
0.22626   ,0.0063768 ,0.65612,0.040174  ,0.071072
0.2501    ,0.0045565 ,0.63041,0.040303  ,0.074637
0.25847   ,0.0068118 ,0.61402,0.044818  ,0.075885
0.26837   ,0.0026862 ,0.60026,0.047726  ,0.08096
0.21858   ,0.0059298 ,0.68251,0.034364  ,0.058618
0.254     ,0.0044501 ,0.62371,0.045079  ,0.072762
0.22486   ,0.0049195 ,0.65673,0.04358   ,0.069917
0.23406   ,0.0056514 ,0.64931,0.03891   ,0.072068
0.21753   ,0.0057331 ,0.66485,0.036842  ,0.075047
0.22879   ,0.0040064 ,0.6422 ,0.049444  ,0.075556
0.19928   ,0.0037463 ,0.68284,0.044317  ,0.069817
0.19843   ,0.00643   ,0.67284,0.045396  ,0.076903
0.1997    ,0.0049569 ,0.66772,0.049612  ,0.078017
0.18262   ,0.0037758 ,0.69805,0.045733  ,0.069813
0.18979   ,0.0060833 ,0.65892,0.058542  ,0.086667
0.17188   ,0.004652  ,0.70558,0.050284  ,0.067614
0.18096   ,0.0063259 ,0.69559,0.048047  ,0.069073
0.21226   ,0.0076035 ,0.65959,0.052906  ,0.067635
0.21184   ,0.016962  ,0.641  ,0.061989  ,0.068212
0.20307   ,0.025069  ,0.6425 ,0.063754  ,0.065604
0.18704   ,0.030275  ,0.65861,0.059397  ,0.064678
0.17206   ,0.0033306 ,0.70793,0.05492   ,0.061758
0.1543    ,0.0049527 ,0.74013,0.047258  ,0.053361
0.15245   ,0.0053407 ,0.74608,0.041949  ,0.054184
0.14281   ,0.006643  ,0.74903,0.048091  ,0.053424
0.13364   ,0.0043557 ,0.74912,0.056806  ,0.05608
0.15012   ,0.0040121 ,0.72649,0.061596  ,0.057781
0.14836   ,0.0043721 ,0.73537,0.056016  ,0.055884
0.1625    ,0.023818  ,0.69261,0.054303  ,0.066774
0.17595   ,0.021192  ,0.6844 ,0.05701   ,0.061453
0.161     ,0.020371  ,0.71069,0.05039   ,0.057551
0.15621   ,0.0092647 ,0.71246,0.063493  ,0.058566
0.15391   ,0.0063599 ,0.71616,0.062364  ,0.061205
0.15264   ,0.0060606 ,0.73372,0.048019  ,0.059557
0.14374   ,0.002601  ,0.7456 ,0.042457  ,0.065598
0.14341   ,0.0057348 ,0.7364 ,0.043967  ,0.07049
0.1433    ,0.0039101 ,0.74147,0.040782  ,0.070538
0.16102   ,0.0042317 ,0.71381,0.049908  ,0.071023
0.15446   ,0.0076964 ,0.72222,0.043392  ,0.072231
0.14243   ,0.0040249 ,0.74483,0.043804  ,0.064906
0.1465    ,0.010036  ,0.73168,0.04432   ,0.067471
0.12511   ,0.0045882 ,0.77749,0.037897  ,0.054913
0.12112   ,0.0029013 ,0.76087,0.04544   ,0.069671
0.11023   ,0.0051558 ,0.78109,0.037333  ,0.066198
0.10745   ,0.0077995 ,0.77251,0.040502  ,0.07174
0.10541   ,0.012078  ,0.75078,0.045195  ,0.086537
0.11181   ,0.01067   ,0.76501,0.039395  ,0.073109
0.12283   ,0.010788  ,0.75233,0.039229  ,0.07482
0.10527   ,0.0083092 ,0.77601,0.043136  ,0.067269
0.11933   ,0.0054296 ,0.75176,0.046316  ,0.077167
0.10259   ,0.0036284 ,0.7752 ,0.042225  ,0.076356
0.12081   ,0.0027476 ,0.74821,0.039953  ,0.088284
0.099247  ,0.0022153 ,0.79172,0.035113  ,0.071703
0.092505  ,0.001781  ,0.79783,0.039546  ,0.068334
0.08643   ,0.0024063 ,0.79795,0.038067  ,0.075148
0.071711  ,0.0036842 ,0.83049,0.032697  ,0.061414
0.078247  ,0.0056277 ,0.81346,0.035101  ,0.067569
0.070084  ,0.0066605 ,0.82454,0.031016  ,0.067698
0.084343  ,0.01187   ,0.79581,0.03396   ,0.074016
0.099417  ,0.019681  ,0.79321,0.026994  ,0.060695
0.10622   ,0.02227   ,0.7773 ,0.030428  ,0.063783
0.095591  ,0.021494  ,0.78864,0.03163   ,0.062649
0.087923  ,0.02029   ,0.8122 ,0.024541  ,0.055045
0.094707  ,0.024791  ,0.79937,0.022368  ,0.058762
0.10116   ,0.019396  ,0.80647,0.021626  ,0.051355
0.099989  ,0.015348  ,0.81881,0.018658  ,0.047192
0.088298  ,0.011361  ,0.83133,0.018746  ,0.050262
0.0889    ,0.008437  ,0.83337,0.018865  ,0.050423
0.079719  ,0.010724  ,0.84418,0.017904  ,0.047477
0.084806  ,0.013841  ,0.8331 ,0.018406  ,0.049849
0.073922  ,0.024741  ,0.8403 ,0.01773   ,0.043307
0.072918  ,0.020532  ,0.848  ,0.016405  ,0.042141
0.074234  ,0.011664  ,0.85368,0.017456  ,0.042969
0.084809  ,0.013897  ,0.84666,0.015675  ,0.038961
0.10869   ,0.016215  ,0.82877,0.017241  ,0.029084
0.11046   ,0.018793  ,0.82812,0.016752  ,0.025872
0.11528   ,0.015832  ,0.82833,0.018678  ,0.021887
0.12363   ,0.015905  ,0.82227,0.019603  ,0.018594
0.12538   ,0.01733   ,0.82032,0.017851  ,0.019123
0.10993   ,0.014956  ,0.83752,0.018222  ,0.019373
0.11262   ,0.01435   ,0.83353,0.019415  ,0.020087
0.101     ,0.011419  ,0.85042,0.018739  ,0.018422
0.10186   ,0.011648  ,0.8508 ,0.016863  ,0.018825
0.10861   ,0.009324  ,0.83835,0.022052  ,0.021664
0.11486   ,0.010044  ,0.82177,0.027101  ,0.026222
0.10154   ,0.013649  ,0.83312,0.02626   ,0.02543
0.12888   ,0.018741  ,0.78497,0.039033  ,0.028373
0.13363   ,0.020677  ,0.78277,0.035448  ,0.027474
0.12561   ,0.016737  ,0.79531,0.035318  ,0.027028
0.12424   ,0.021525  ,0.7875 ,0.034523  ,0.032206
0.12844   ,0.025612  ,0.79426,0.02903   ,0.022658
0.11295   ,0.02293   ,0.80784,0.031048  ,0.025231
0.12607   ,0.018271  ,0.80584,0.027461  ,0.022365
0.13224   ,0.020957  ,0.79994,0.0232    ,0.023663
0.1235    ,0.013739  ,0.80942,0.027284  ,0.026053
0.12136   ,0.018144  ,0.80219,0.029292  ,0.029009
0.12602   ,0.019864  ,0.79257,0.028562  ,0.032992
0.11285   ,0.019924  ,0.79323,0.03571   ,0.038281
0.10767   ,0.010188  ,0.80918,0.038199  ,0.034764
0.11515   ,0.010143  ,0.80613,0.029672  ,0.038903
0.1092    ,0.010091  ,0.81608,0.029286  ,0.035341
0.10778   ,0.013134  ,0.80465,0.031806  ,0.042627
0.10927   ,0.011586  ,0.78831,0.042022  ,0.048815
0.10377   ,0.0086659 ,0.79068,0.044794  ,0.052094
0.099529  ,0.0092881 ,0.79587,0.04479   ,0.050519
0.10592   ,0.01064   ,0.78279,0.043146  ,0.057503
0.1068    ,0.010509  ,0.76504,0.051326  ,0.066331
0.094946  ,0.0081217 ,0.78783,0.043224  ,0.065879
0.091667  ,0.0083596 ,0.79718,0.044545  ,0.058252
0.098182  ,0.0087626 ,0.79384,0.044975  ,0.054242
0.093597  ,0.011429  ,0.79339,0.04125   ,0.060332
0.089612  ,0.019248  ,0.78745,0.044854  ,0.058835
0.092934  ,0.017685  ,0.79639,0.032083  ,0.060904
0.091222  ,0.0083056 ,0.81411,0.031083  ,0.055278
0.087775  ,0.0075326 ,0.81163,0.032919  ,0.060146
0.088095  ,0.0093045 ,0.78174,0.038095  ,0.082769
0.060987  ,0.0083763 ,0.82502,0.03216   ,0.073454
0.075293  ,0.011812  ,0.82038,0.031398  ,0.061119
0.064546  ,0.0091616 ,0.79205,0.040207  ,0.094036
0.062209  ,0.010012  ,0.77743,0.0589    ,0.09145
0.060077  ,0.014272  ,0.7837 ,0.038669  ,0.10328
0.068966  ,0.0098388 ,0.76555,0.038418  ,0.11722
0.072469  ,0.0097105 ,0.76371,0.03102   ,0.12309
0.064965  ,0.0054988 ,0.72962,0.050432  ,0.14949
0.061852  ,0.0020473 ,0.74533,0.056207  ,0.13456
0.079236  ,0.0032563 ,0.68995,0.0627    ,0.16486
0.073156  ,0.0030384 ,0.68424,0.065151  ,0.17442
0.070081  ,0.0047557 ,0.72819,0.060465  ,0.1365
0.12737   ,0.0012647 ,0.61331,0.0757    ,0.18235
0.10686   ,0.00037994,0.67677,0.071714  ,0.14428
0.09421   ,0.0013521 ,0.70894,0.063986  ,0.13151
0.1129    ,0.003688  ,0.66379,0.066107  ,0.15351
0.11514   ,0.00095908,0.6313 ,0.099653  ,0.15295
0.10487   ,0.00069538,0.65057,0.086923  ,0.15694
0.089516  ,0.0030856 ,0.70558,0.077139  ,0.12468
0.087897  ,0.0027195 ,0.71402,0.073057  ,0.12231
0.09912   ,0.002405  ,0.69965,0.072184  ,0.12664
0.080462  ,0.0050867 ,0.73621,0.069191  ,0.10905
0.086278  ,0.0025487 ,0.72996,0.075794  ,0.10542
0.10365   ,0.0020889 ,0.68369,0.087765  ,0.12281
0.085451  ,0.0037506 ,0.74029,0.066474  ,0.10404
0.083963  ,0.0026053 ,0.73942,0.069634  ,0.10438
0.075817  ,0.0032587 ,0.751  ,0.071902  ,0.098024
0.089265  ,0.0046394 ,0.71961,0.076169  ,0.11032
0.080945  ,0.0029522 ,0.73671,0.077644  ,0.10174
0.070623  ,0.0061171 ,0.7499 ,0.077141  ,0.096219
0.072003  ,0.0053558 ,0.77277,0.06847   ,0.081404
0.067478  ,0.005608  ,0.76921,0.066797  ,0.090909
0.066869  ,0.0067238 ,0.76985,0.06231   ,0.094248
0.057833  ,0.0033373 ,0.80266,0.053136  ,0.083032
0.057097  ,0.0033487 ,0.79053,0.059729  ,0.089299
0.045949  ,0.0036328 ,0.81131,0.058772  ,0.080335
0.049807  ,0.0043697 ,0.80468,0.056195  ,0.08495
0.053987  ,0.0061068 ,0.81445,0.046314  ,0.079145
0.065776  ,0.0060028 ,0.79202,0.051299  ,0.084903
0.053637  ,0.0039835 ,0.80068,0.055562  ,0.086142
0.065619  ,0.0083126 ,0.77648,0.053115  ,0.096477
0.072764  ,0.0067829 ,0.77838,0.052589  ,0.089486
0.070312  ,0.0062668 ,0.78532,0.048874  ,0.089231
0.063503  ,0.007754  ,0.79202,0.056046  ,0.080674
0.071019  ,0.0066715 ,0.78243,0.058331  ,0.081548
0.066198  ,0.006973  ,0.78847,0.055586  ,0.082778
0.064163  ,0.0054997 ,0.80247,0.048289  ,0.079579
0.06972   ,0.0048684 ,0.80028,0.051869  ,0.073266
0.069912  ,0.0065582 ,0.7932 ,0.05248   ,0.077847
0.081322  ,0.0053136 ,0.79315,0.043889  ,0.07632
0.082289  ,0.0075378 ,0.80033,0.040319  ,0.069522
0.080818  ,0.006689  ,0.83319,0.03021   ,0.049094
0.078402  ,0.00628   ,0.84699,0.029125  ,0.039201
0.086743  ,0.0043235 ,0.84335,0.028681  ,0.036902
0.082202  ,0.0055703 ,0.84852,0.026176  ,0.037537
0.077723  ,0.0044769 ,0.85369,0.028022  ,0.036091
0.074218  ,0.004851  ,0.86247,0.025574  ,0.032891
0.07622   ,0.0045369 ,0.86329,0.024355  ,0.031601
0.073283  ,0.004847  ,0.86699,0.023578  ,0.031302
0.072242  ,0.0036134 ,0.86896,0.024644  ,0.030545
0.075383  ,0.0027636 ,0.86196,0.024802  ,0.035091
0.082513  ,0.0043031 ,0.8556 ,0.02533   ,0.032251
0.080368  ,0.0037704 ,0.84764,0.02973   ,0.038492
0.080809  ,0.0042555 ,0.85324,0.025533  ,0.036164
0.08035   ,0.004923  ,0.85559,0.025048  ,0.034088
0.086458  ,0.0044196 ,0.85297,0.021878  ,0.034272
0.085699  ,0.0070251 ,0.84844,0.025596  ,0.033239
0.084771  ,0.0053211 ,0.84827,0.025338  ,0.036297
0.085359  ,0.0044657 ,0.84901,0.026124  ,0.03504
0.08504   ,0.0051554 ,0.84853,0.025646  ,0.03563
0.084037  ,0.0049091 ,0.85539,0.023979  ,0.031689
0.075511  ,0.0038562 ,0.86204,0.025134  ,0.033461
0.076502  ,0.0038899 ,0.85782,0.025771  ,0.036014
0.071326  ,0.0040594 ,0.86623,0.024232  ,0.034155
0.066401  ,0.0056235 ,0.86701,0.027932  ,0.033031
0.068917  ,0.0043228 ,0.86963,0.026076  ,0.03105
0.066814  ,0.0050706 ,0.86936,0.026393  ,0.032359
0.065998  ,0.0058608 ,0.87418,0.02338   ,0.030578
0.069769  ,0.0081005 ,0.86055,0.027211  ,0.03437
0.069992  ,0.0085035 ,0.86512,0.025425  ,0.030958
0.069087  ,0.0096074 ,0.85755,0.028147  ,0.035608
0.073801  ,0.0077957 ,0.85263,0.025437  ,0.040339
0.077544  ,0.0059841 ,0.85467,0.023572  ,0.038225
0.074948  ,0.0071685 ,0.85639,0.024826  ,0.036672
0.080617  ,0.0025245 ,0.84549,0.028142  ,0.043226
0.078152  ,0.0053047 ,0.85165,0.024509  ,0.040382
0.072663  ,0.0034033 ,0.85774,0.02641   ,0.039784
0.080403  ,0.0048289 ,0.83727,0.032185  ,0.045312
0.082635  ,0.0035189 ,0.83787,0.029851  ,0.046123
0.077336  ,0.0033138 ,0.84613,0.029555  ,0.043661
0.079632  ,0.0021277 ,0.84845,0.030275  ,0.039517
0.078926  ,0.0037843 ,0.84463,0.026206  ,0.046452
0.072874  ,0.0044492 ,0.85011,0.025478  ,0.047092
0.084106  ,0.0037985 ,0.83217,0.028206  ,0.051724
0.076967  ,0.0060249 ,0.83946,0.026158  ,0.051387
0.087299  ,0.0099087 ,0.82132,0.02978   ,0.051692
0.087711  ,0.008103  ,0.8294 ,0.024614  ,0.050168
0.071451  ,0.0056379 ,0.85294,0.024371  ,0.045597
0.075519  ,0.0102    ,0.84295,0.023738  ,0.047591
0.079595  ,0.0047707 ,0.83184,0.030132  ,0.053665
0.069833  ,0.0072483 ,0.85111,0.024022  ,0.047782
0.063833  ,0.0073089 ,0.86745,0.021011  ,0.040399
0.06582   ,0.00855   ,0.86046,0.022498  ,0.042671
0.079028  ,0.0058704 ,0.85352,0.022854  ,0.038725
0.082857  ,0.010032  ,0.84802,0.023542  ,0.035553
0.086938  ,0.01463   ,0.84401,0.022202  ,0.032216
0.099697  ,0.016292  ,0.84021,0.019804  ,0.023993
0.1112    ,0.020406  ,0.82373,0.02359   ,0.021075
0.1165    ,0.015471  ,0.83227,0.019502  ,0.01626
0.12551   ,0.021694  ,0.81373,0.024404  ,0.014666
0.12673   ,0.014119  ,0.81088,0.030849  ,0.01742
0.11547   ,0.014894  ,0.81928,0.027312  ,0.023042
0.11936   ,0.015779  ,0.81336,0.03064   ,0.02086
0.10925   ,0.014295  ,0.81446,0.035604  ,0.026388
0.12009   ,0.013533  ,0.80722,0.037797  ,0.021368
0.11864   ,0.016282  ,0.79011,0.043252  ,0.031716
0.11855   ,0.015685  ,0.79829,0.033555  ,0.03392
0.12692   ,0.012212  ,0.79294,0.030191  ,0.037734
0.12606   ,0.010594  ,0.79389,0.029408  ,0.040043
0.12651   ,0.013067  ,0.79822,0.021681  ,0.040519
0.12031   ,0.0097942 ,0.79812,0.030058  ,0.04172
0.10609   ,0.014468  ,0.81498,0.022827  ,0.04164
0.097912  ,0.014598  ,0.81452,0.025709  ,0.047261
0.097438  ,0.0044307 ,0.82206,0.030842  ,0.045232
0.1005    ,0.0038597 ,0.81104,0.035559  ,0.049047
0.091928  ,0.0050199 ,0.8281 ,0.032286  ,0.042669
0.088189  ,0.0027542 ,0.83783,0.028285  ,0.042944
0.096857  ,0.0031314 ,0.82331,0.02737   ,0.04933
0.085363  ,0.0024768 ,0.84362,0.025095  ,0.043447
0.077513  ,0.003718  ,0.85552,0.023814  ,0.039439
0.070514  ,0.003279  ,0.86467,0.023028  ,0.038514
0.059365  ,0.0039975 ,0.88414,0.019657  ,0.032843
0.056044  ,0.001842  ,0.88811,0.018669  ,0.035334
0.062424  ,0.0024683 ,0.8709 ,0.024917  ,0.039286
0.059908  ,0.0015689 ,0.87208,0.025524  ,0.040923
0.069057  ,0.0034912 ,0.85647,0.027017  ,0.043966
0.060569  ,0.0015674 ,0.85829,0.031404  ,0.04817
0.06256   ,0.0029737 ,0.85997,0.029215  ,0.045282
0.056328  ,0.001605  ,0.86876,0.027258  ,0.046053
0.049568  ,0.0016222 ,0.87374,0.027512  ,0.047554
0.050354  ,0.0017424 ,0.87817,0.025947  ,0.043788
0.011331  ,0.0057561 ,0.93761,0.029064  ,0.016235
0.00084175,0.00042735,0.96739,0.024618  ,0.0067211
7.5194e-05,0.00018798,0.95909,0.031713  ,0.0089292
0         ,0.00012255,0.96317,0.029517  ,0.0071954
0         ,0.00028988,0.96218,0.030387  ,0.0071448
0.00027132,0         ,0.96048,0.029186  ,0.010058
0         ,1.8205e-05,0.95922,0.030984  ,0.0097759
0         ,0         ,0.95807,0.033104  ,0.0088223
0         ,0         ,0.96205,0.026964  ,0.010987
0         ,0         ,0.96823,0.024372  ,0.0073934
0.011799  ,0         ,0.86131,0.051344  ,0.07555
0.034595  ,0         ,0.76134,0.081484  ,0.12258
0.032025  ,0         ,0.77221,0.079405  ,0.11636
0.042888  ,2.341e-05 ,0.77446,0.07887   ,0.10376
0         ,0         ,0.97248,0.021739  ,0.0057794
0.014608  ,0.0031875 ,0.93857,0.030933  ,0.012698
0         ,0         ,0.97384,0.021933  ,0.0042253
0         ,0         ,0.97283,0.021856  ,0.0053096
0         ,0         ,0.96999,0.024541  ,0.0054721
0         ,0         ,0.96958,0.02371   ,0.0067069
0         ,0         ,0.97381,0.021222  ,0.0049662
0         ,0         ,0.97403,0.021433  ,0.0045333
0         ,0         ,0.97299,0.022407  ,0.0046024
0         ,1.3611e-05,0.97116,0.025234  ,0.0035932
0         ,0         ,0.97412,0.021307  ,0.0045755
0.00010522,0         ,0.97847,0.017138  ,0.0042877
0.0057832 ,0.00095628,0.95601,0.026928  ,0.010322
1.3798e-05,0.00011038,0.97573,0.018738  ,0.0054088
4.2097e-05,5.6129e-05,0.97629,0.019407  ,0.0042097
0         ,0.00036295,0.98098,0.015273  ,0.0033827
0         ,0         ,0.97348,0.023068  ,0.0034497
0         ,0         ,0.97408,0.023302  ,0.0026186
1.543e-05 ,0.0010647 ,0.97366,0.022544  ,0.0027158
0.0013958 ,0.0012054 ,0.97134,0.023744  ,0.0023157
1.673e-05 ,0         ,0.9736 ,0.022886  ,0.0034965
0.00063063,7.2072e-05,0.97177,0.025477  ,0.0020541
0         ,0         ,0.96851,0.028577  ,0.0029157
0.004743  ,0.0023785 ,0.95617,0.025953  ,0.010753
0         ,0         ,0.96699,0.028586  ,0.0044262
0         ,0         ,0.95894,0.035326  ,0.0057347
0         ,0         ,0.96192,0.03066   ,0.0074224
0         ,0         ,0.96555,0.029097  ,0.0053485
0         ,0         ,0.9633 ,0.030773  ,0.0059234
0         ,0         ,0.96575,0.027835  ,0.006411
0         ,0         ,0.96454,0.029637  ,0.0058254
0         ,0         ,0.96513,0.027699  ,0.0071725
0         ,0         ,0.96518,0.029438  ,0.0053794
0         ,0         ,0.96681,0.02849   ,0.0046954
0.0021502 ,0.0011964 ,0.95905,0.02383   ,0.013774
1.666e-05 ,0         ,0.96413,0.030072  ,0.0057811
0         ,0         ,0.96373,0.029564  ,0.0067108
0         ,0         ,0.96266,0.029704  ,0.0076373
0         ,0         ,0.96523,0.026803  ,0.007963
0.0007587 ,0.00042993,0.96363,0.027452  ,0.0077261
0.0019293 ,0.0001302 ,0.96595,0.024194  ,0.0078002
0.0049488 ,0.0013843 ,0.95871,0.024836  ,0.010117
0.011938  ,0.001823  ,0.94616,0.027455  ,0.012627
0.011432  ,0.00099547,0.94284,0.028167  ,0.016567
0.0097781 ,0.00051641,0.93638,0.039775  ,0.01355
0.00087509,0.0003224 ,0.95979,0.028218  ,0.010793
0.0075314 ,0.0002949 ,0.92744,0.050451  ,0.01428
0.0068257 ,0.00052149,0.94818,0.033978  ,0.010499
0.0047245 ,0         ,0.93251,0.054189  ,0.0085724
0.0027907 ,0         ,0.94489,0.047121  ,0.0051938
6.7571e-05,0         ,0.93618,0.059767  ,0.0039867
0         ,0         ,0.95555,0.040208  ,0.004239
0         ,0         ,0.94961,0.045897  ,0.0044917
0         ,0         ,0.92297,0.073074  ,0.0039523
0         ,0         ,0.90656,0.088902  ,0.004535
0         ,0         ,0.91556,0.079617  ,0.0048224
0.0031056 ,0.0011071 ,0.9549 ,0.031056  ,0.0098344
0         ,0         ,0.91571,0.079683  ,0.0046047
0         ,0         ,0.9099 ,0.085945  ,0.0041554
0         ,0         ,0.92187,0.074162  ,0.003967
0.00014689,0         ,0.90313,0.091424  ,0.0052994
1.1366e-05,0         ,0.89848,0.095336  ,0.0061716
0         ,0         ,0.90308,0.089991  ,0.0069327
0.00017468,6.5504e-05,0.89757,0.093583  ,0.0086028
0.00013732,0.0010757 ,0.89111,0.098462  ,0.0092122
0         ,0.0018712 ,0.8965 ,0.091722  ,0.0099097
0.00076256,0.0035904 ,0.87867,0.10332   ,0.013663
0.0027202 ,0.00099309,0.96399,0.024338  ,0.0079591
0.0019208 ,0.0030912 ,0.87496,0.10714   ,0.012885
0.0023148 ,0.0065005 ,0.87278,0.10476   ,0.013646
0.0020696 ,0.0071631 ,0.88304,0.096034  ,0.011694
0.0062779 ,0.0070487 ,0.87755,0.098367  ,0.010761
0.011133  ,0.00623   ,0.86537,0.10454   ,0.012732
0.019804  ,0.0068365 ,0.84138,0.11954   ,0.01244
0.02328   ,0.01278   ,0.83583,0.11249   ,0.015626
0.030118  ,0.0090343 ,0.84206,0.10348   ,0.015309
0.030303  ,0.0086264 ,0.83432,0.11023   ,0.016528
0.035797  ,0.01      ,0.82561,0.11574   ,0.012851
0.00040771,0.00061157,0.96619,0.025162  ,0.00763
0.045208  ,0.01266   ,0.833  ,0.096632  ,0.012505
0.03262   ,0.0063704 ,0.80896,0.12265   ,0.029396
0.031785  ,0.0022124 ,0.82323,0.11018   ,0.032596
0.036194  ,0.012241  ,0.79296,0.12176   ,0.036841
0.054148  ,0.011959  ,0.8115 ,0.095318  ,0.027074
0.034281  ,0.0056866 ,0.8469 ,0.088244  ,0.024884
0.029383  ,0.011909  ,0.84723,0.085161  ,0.026314
0.034467  ,0.0065141 ,0.83814,0.096764  ,0.024119
0.02624   ,0.011789  ,0.83554,0.097864  ,0.028568
0.027613  ,0.0091398 ,0.81128,0.10797   ,0.043995
0.029936  ,0.017317  ,0.80477,0.09803   ,0.049943
0.028958  ,0.0096875 ,0.80049,0.10024   ,0.060625
0.03144   ,0.011664  ,0.76158,0.12414   ,0.07117
0.028537  ,0.016633  ,0.74646,0.12867   ,0.079694
0.025946  ,0.012346  ,0.7547 ,0.12243   ,0.084571
0.025552  ,0.01112   ,0.7669 ,0.11649   ,0.079938
0.025888  ,0.012851  ,0.78131,0.10303   ,0.076923
0.03148   ,0.0093845 ,0.75983,0.11625   ,0.083048
0.02984   ,0.019002  ,0.78213,0.087899  ,0.081129
0.030462  ,0.026717  ,0.76306,0.099831  ,0.079927
0.034918  ,0.027019  ,0.77252,0.095603  ,0.069939
0.036315  ,0.02224   ,0.78426,0.088785  ,0.068398
0.029482  ,0.025341  ,0.79362,0.087129  ,0.064424
0.027573  ,0.01574   ,0.80931,0.083914  ,0.063464
0.024586  ,0.011703  ,0.81331,0.087445  ,0.062953
0.024332  ,0.019292  ,0.81465,0.078656  ,0.063076
0.021371  ,0.011787  ,0.82512,0.078338  ,0.063385
0.024376  ,0.013651  ,0.81272,0.081746  ,0.067506
0.021335  ,0.0073515 ,0.83259,0.081725  ,0.056994
0.027006  ,0.007713  ,0.83685,0.075013  ,0.053421
0.027888  ,0.009471  ,0.83219,0.078162  ,0.05229
0.030086  ,0.0086911 ,0.80732,0.093869  ,0.06003
0.037465  ,0.011121  ,0.76689,0.11006   ,0.074467
0.050304  ,0.0069656 ,0.75656,0.097518  ,0.088652
0.048502  ,0.011032  ,0.7591 ,0.092628  ,0.088741
0.047619  ,0.0074965 ,0.75607,0.088011  ,0.10081
0.040825  ,0.0086344 ,0.75922,0.096122  ,0.095203
0.040444  ,0.010474  ,0.77441,0.075486  ,0.099183
0.03219   ,0.0057905 ,0.77549,0.08367   ,0.10286
0.033515  ,0.0047719 ,0.78076,0.079532  ,0.10142
0.026009  ,0.0052405 ,0.79074,0.070874  ,0.10714
0.026895  ,0.0037525 ,0.81879,0.055114  ,0.095451
0.028382  ,0.0035377 ,0.81675,0.052705  ,0.098629
0.030313  ,0.0016375 ,0.81757,0.050972  ,0.099507
0.029317  ,0.0015927 ,0.8175 ,0.05899   ,0.092595
0.034105  ,0.0021447 ,0.82761,0.052882  ,0.083258
0.032245  ,0.0035853 ,0.82283,0.058635  ,0.0827
0.029698  ,0.0041635 ,0.83321,0.060241  ,0.07269
0.03214   ,0.0043478 ,0.83072,0.060283  ,0.072506
0.03126   ,0.0039667 ,0.82309,0.064145  ,0.077535
0.03184   ,0.0037651 ,0.82761,0.063131  ,0.073653
0.032963  ,0.0053086 ,0.82724,0.060175  ,0.074311
0.031687  ,0.0052494 ,0.83023,0.059537  ,0.073292
0.03522   ,0.0059915 ,0.83701,0.051307  ,0.07047
0.035922  ,0.0098293 ,0.83288,0.04759   ,0.073777
0.034529  ,0.0085747 ,0.84852,0.039506  ,0.068867
0.033866  ,0.0072985 ,0.8559 ,0.042763  ,0.060174
0.038516  ,0.0066709 ,0.85986,0.043666  ,0.05129
0.04252   ,0.0048458 ,0.85857,0.050448  ,0.043612
0.035808  ,0.0036648 ,0.88399,0.043989  ,0.032551
0.036952  ,0.0030765 ,0.88767,0.040532  ,0.031771
0.033178  ,0.0053633 ,0.87249,0.050871  ,0.038098
0.034829  ,0.007691  ,0.85354,0.063287  ,0.040654
0.041096  ,0.0089531 ,0.84676,0.05862   ,0.044567
0.046739  ,0.011298  ,0.85056,0.059157  ,0.032246
0.048321  ,0.010942  ,0.84089,0.062275  ,0.037569
0.040788  ,0.013802  ,0.86155,0.050827  ,0.033031
0.049683  ,0.015442  ,0.84483,0.056944  ,0.033099
0.048178  ,0.016753  ,0.84924,0.053574  ,0.032258
0.050192  ,0.018899  ,0.84204,0.051709  ,0.037165
0.049433  ,0.018973  ,0.85052,0.046823  ,0.034255
0.056748  ,0.019337  ,0.84031,0.049083  ,0.034521
0.051496  ,0.025092  ,0.84551,0.047042  ,0.030857
0.053226  ,0.020069  ,0.84737,0.045625  ,0.033711
0.054321  ,0.021337  ,0.84524,0.044104  ,0.034994
0.047619  ,0.023223  ,0.85086,0.045795  ,0.032502
0.045101  ,0.022951  ,0.86958,0.034587  ,0.027778
0.045699  ,0.020938  ,0.86982,0.03399   ,0.029555
0.039703  ,0.017784  ,0.8794 ,0.034452  ,0.028658
0.037298  ,0.018157  ,0.88387,0.033416  ,0.027264
0.037294  ,0.022874  ,0.87837,0.033835  ,0.027622
0.03559   ,0.020613  ,0.88226,0.035789  ,0.025747
0.03357   ,0.021094  ,0.88709,0.034022  ,0.024222
0.03057   ,0.01747   ,0.89967,0.029793  ,0.022497
0.024525  ,0.014788  ,0.91044,0.02772   ,0.022529
0.025093  ,0.01177   ,0.91279,0.02955   ,0.020792
0.028505  ,0.013008  ,0.90257,0.033226  ,0.022693
0.024523  ,0.010423  ,0.9121 ,0.029206  ,0.023749
0.025951  ,0.011311  ,0.9086 ,0.031845  ,0.022291
0.025588  ,0.01337   ,0.89897,0.037846  ,0.024225
0.027365  ,0.013007  ,0.89103,0.040861  ,0.027735
0.027244  ,0.013668  ,0.88723,0.042677  ,0.029177
0.025339  ,0.011575  ,0.89938,0.036797  ,0.026911
0.028955  ,0.012872  ,0.87984,0.046058  ,0.03228
0.026352  ,0.011607  ,0.89369,0.038008  ,0.030341
0.027968  ,0.011316  ,0.88357,0.046175  ,0.030974
0.033866  ,0.01381   ,0.8635 ,0.051063  ,0.03776
0.030303  ,0.011094  ,0.87248,0.050517  ,0.035608
0.025843  ,0.011782  ,0.88492,0.044134  ,0.033326
0.02518   ,0.0092042 ,0.8882 ,0.045198  ,0.032215
0.027752  ,0.010368  ,0.87945,0.046331  ,0.036097
0.033036  ,0.0085242 ,0.87303,0.045526  ,0.039885
0.024432  ,0.0087427 ,0.89322,0.039269  ,0.034336
0.027036  ,0.0091138 ,0.88146,0.045435  ,0.036952
0.020434  ,0.010518  ,0.88843,0.045667  ,0.034954
0.018328  ,0.010486  ,0.89046,0.043805  ,0.036921
0.022039  ,0.010298  ,0.88064,0.050807  ,0.036219
0.024704  ,0.014093  ,0.87791,0.046667  ,0.03663
0.025458  ,0.015397  ,0.87679,0.0463    ,0.036054
0.021662  ,0.014381  ,0.89127,0.040149  ,0.032541
0.022096  ,0.012307  ,0.90023,0.037097  ,0.028271
0.019264  ,0.0094291 ,0.908  ,0.036377  ,0.026935
0.021338  ,0.011292  ,0.90511,0.033232  ,0.029023
0.027324  ,0.012459  ,0.88127,0.045351  ,0.033596
0.024622  ,0.0091802 ,0.90081,0.03286   ,0.032531
0.023529  ,0.014213  ,0.89205,0.036804  ,0.033402
0.020324  ,0.011323  ,0.9102 ,0.028905  ,0.029244
0.02283   ,0.0093396 ,0.89995,0.036847  ,0.03103
0.020411  ,0.0089199 ,0.9095 ,0.032167  ,0.029
0.020184  ,0.0083354 ,0.9119 ,0.032423  ,0.027159
0.020706  ,0.0080627 ,0.91068,0.034863  ,0.02569
0.021028  ,0.0081222 ,0.90814,0.034649  ,0.028063
0.019804  ,0.0091305 ,0.90837,0.033689  ,0.02901
0.02165   ,0.0072887 ,0.90761,0.035478  ,0.027974
0.021499  ,0.010954  ,0.91165,0.030961  ,0.024937
0.018516  ,0.0078939 ,0.92203,0.026927  ,0.024636
0.020935  ,0.007184  ,0.92134,0.026417  ,0.024122
0.020606  ,0.0081663 ,0.91412,0.030627  ,0.026476
0.023247  ,0.0087274 ,0.91585,0.027787  ,0.024384
0.023014  ,0.0092795 ,0.91122,0.030239  ,0.02625
0.021408  ,0.0075155 ,0.91869,0.027876  ,0.024507
0.026559  ,0.0060732 ,0.91529,0.024382  ,0.027692
0.023086  ,0.0087478 ,0.92168,0.0211    ,0.025382
0.021864  ,0.008505  ,0.91448,0.027122  ,0.028029
0.025148  ,0.0074899 ,0.9243 ,0.020233  ,0.022829
0.022902  ,0.008325  ,0.91637,0.026189  ,0.02621
0.024095  ,0.0094787 ,0.91246,0.026787  ,0.02718
0.024545  ,0.0070926 ,0.92095,0.022684  ,0.024731
0.025736  ,0.0066919 ,0.92046,0.024283  ,0.022831
0.025883  ,0.0068794 ,0.91615,0.025232  ,0.025851
0.02321   ,0.0072755 ,0.9254 ,0.021268  ,0.02285
0.024213  ,0.0074208 ,0.91952,0.024977  ,0.023871
0.024595  ,0.0059455 ,0.92016,0.023443  ,0.02586
0.022723  ,0.0088832 ,0.92135,0.023214  ,0.023832
0.020675  ,0.0068788 ,0.92615,0.021153  ,0.025144
0.022107  ,0.0060302 ,0.9217 ,0.02522   ,0.024938
0.02203   ,0.0070876 ,0.92462,0.021459  ,0.024802
0.019239  ,0.0066012 ,0.93402,0.018023  ,0.022114
0.021429  ,0.0069827 ,0.92741,0.020825  ,0.023351
0.01758   ,0.0055638 ,0.93842,0.016461  ,0.021975
0.019194  ,0.0065935 ,0.93203,0.02046   ,0.021718
0.018458  ,0.0065698 ,0.92975,0.020888  ,0.024333
0.02005   ,0.0080353 ,0.928  ,0.02024   ,0.02367
0.019949  ,0.0061725 ,0.92936,0.019997  ,0.024519
0.019777  ,0.0056519 ,0.93036,0.019777  ,0.024433
0.018725  ,0.005336  ,0.9309 ,0.021785  ,0.023252
0.019288  ,0.0069013 ,0.93487,0.016891  ,0.022049
0.018339  ,0.0067967 ,0.93199,0.019683  ,0.023193
0.017529  ,0.0065438 ,0.9322 ,0.019249  ,0.024473
0.018526  ,0.0082448 ,0.92419,0.02074   ,0.028296
0.017166  ,0.0090454 ,0.92919,0.019586  ,0.025015
0.017582  ,0.007895  ,0.92669,0.021166  ,0.026669
0.017054  ,0.0093084 ,0.92334,0.022485  ,0.027815
0.017135  ,0.0072452 ,0.92521,0.022925  ,0.027487
0.019434  ,0.006553  ,0.92568,0.020947  ,0.027388
0.017552  ,0.005119  ,0.93021,0.019466  ,0.027654
0.016471  ,0.0058492 ,0.92617,0.021569  ,0.029938
0.016675  ,0.0052032 ,0.92513,0.022114  ,0.030881
0.018353  ,0.0051274 ,0.92304,0.022365  ,0.031118
0.018929  ,0.0030498 ,0.92793,0.020989  ,0.029099
0.017722  ,0.0035919 ,0.92723,0.021641  ,0.029814
0.021138  ,0.002555  ,0.93015,0.020126  ,0.026032
0.021217  ,0.0044355 ,0.92767,0.021889  ,0.024789
0.023876  ,0.0049084 ,0.92513,0.021123  ,0.024963
0.023025  ,0.009937  ,0.91684,0.024023  ,0.026176
0.021809  ,0.0098657 ,0.9215 ,0.022927  ,0.023896
0.023843  ,0.010046  ,0.92155,0.023889  ,0.020676
0.021942  ,0.0087101 ,0.92407,0.023834  ,0.021447
0.022963  ,0.010531  ,0.9167 ,0.027094  ,0.022708
0.026522  ,0.01013   ,0.90546,0.032323  ,0.025566
0.027849  ,0.010364  ,0.90606,0.028132  ,0.027589
0.02876   ,0.0097938 ,0.89851,0.032597  ,0.030344
0.028507  ,0.0090681 ,0.89937,0.032055  ,0.031004
0.028615  ,0.0086379 ,0.89435,0.032112  ,0.036287
0.027528  ,0.010101  ,0.89661,0.03514   ,0.030625
0.029485  ,0.013104  ,0.89345,0.031241  ,0.032724
0.035138  ,0.015566  ,0.87223,0.036407  ,0.040657
0.03359   ,0.010277  ,0.88069,0.034425  ,0.041018
0.032271  ,0.011442  ,0.88192,0.036144  ,0.038227
0.02623   ,0.0067833 ,0.90342,0.03299   ,0.030577
0.026513  ,0.0066039 ,0.90295,0.030402  ,0.033533
0.030739  ,0.0065232 ,0.89811,0.030617  ,0.034007
0.033544  ,0.0083614 ,0.89165,0.031341  ,0.035101
0.030217  ,0.0082159 ,0.88922,0.035772  ,0.036572
0.033398  ,0.0095188 ,0.88665,0.035861  ,0.034568
0.035117  ,0.013291  ,0.87728,0.035014  ,0.039296
0.035315  ,0.017133  ,0.8792 ,0.03403   ,0.03432
0.032362  ,0.015795  ,0.87154,0.039488  ,0.040819
0.031625  ,0.013636  ,0.87394,0.03638   ,0.044423
0.027081  ,0.0096542 ,0.88057,0.037546  ,0.04515
0.023495  ,0.0090756 ,0.88506,0.037607  ,0.044764
0.019445  ,0.0062874 ,0.90493,0.028922  ,0.040411
0.023947  ,0.005277  ,0.90096,0.029515  ,0.040305
0.021575  ,0.0065394 ,0.91056,0.024726  ,0.036597
0.019693  ,0.0070521 ,0.91409,0.026337  ,0.032826
0.022922  ,0.0064188 ,0.90594,0.030372  ,0.034351
0.020691  ,0.0070473 ,0.91521,0.028328  ,0.028721
0.021587  ,0.0070028 ,0.91304,0.030766  ,0.027606
0.023801  ,0.0060842 ,0.91862,0.02626   ,0.025234
0.027151  ,0.0050562 ,0.91356,0.029056  ,0.025179
0.027152  ,0.0065335 ,0.9183 ,0.02426   ,0.023756
0.026544  ,0.0085002 ,0.91588,0.026752  ,0.02232
0.029723  ,0.0091782 ,0.91343,0.026445  ,0.021222
0.028701  ,0.0064971 ,0.92416,0.020897  ,0.019747
0.029112  ,0.0088064 ,0.90906,0.031519  ,0.021504
0.026323  ,0.0071299 ,0.91925,0.023367  ,0.023926
0.027424  ,0.0067408 ,0.92278,0.020806  ,0.022251
0.024799  ,0.0078901 ,0.92083,0.022065  ,0.024416
0.026526  ,0.0092263 ,0.91958,0.021133  ,0.023538
0.030385  ,0.0092081 ,0.91577,0.020882  ,0.023756
0.027615  ,0.0076753 ,0.91591,0.022082  ,0.026718
0.021226  ,0.0093811 ,0.9222 ,0.018751  ,0.028444
0.023674  ,0.010263  ,0.92135,0.019871  ,0.024839
0.025374  ,0.010945  ,0.91216,0.025704  ,0.025821
0.025439  ,0.0090511 ,0.91348,0.02249   ,0.029539
0.031072  ,0.0094482 ,0.89736,0.02735   ,0.034766
0.037967  ,0.021001  ,0.87719,0.0273    ,0.036542
0.041994  ,0.019975  ,0.87621,0.026494  ,0.03533
0.039847  ,0.027683  ,0.85816,0.033383  ,0.04093
0.044565  ,0.022865  ,0.85794,0.02863   ,0.046002
0.040642  ,0.019917  ,0.86361,0.035126  ,0.040701
0.046433  ,0.01718   ,0.86129,0.035982  ,0.039115
0.03293   ,0.010756  ,0.88202,0.038415  ,0.035878
0.029427  ,0.0095492 ,0.89436,0.032302  ,0.034364
0.026047  ,0.011187  ,0.89692,0.032562  ,0.033288
0.022819  ,0.0092273 ,0.89819,0.038901  ,0.03086
0.021834  ,0.0082792 ,0.90211,0.035593  ,0.032183
0.0214    ,0.0084647 ,0.90453,0.029702  ,0.035906
0.022835  ,0.0106    ,0.8961 ,0.030983  ,0.039484
0.023181  ,0.0095958 ,0.89938,0.031058  ,0.03679
0.025961  ,0.012724  ,0.89353,0.030578  ,0.037209
0.027092  ,0.01714   ,0.89341,0.03053   ,0.031825
0.028523  ,0.016435  ,0.88366,0.033897  ,0.037489
0.02893   ,0.017714  ,0.88991,0.023483  ,0.039967
0.033495  ,0.013961  ,0.88003,0.024651  ,0.047865
0.030087  ,0.016314  ,0.87407,0.028052  ,0.051482
0.040232  ,0.013541  ,0.87014,0.025443  ,0.050642
0.041894  ,0.013655  ,0.86336,0.028112  ,0.052982
0.049905  ,0.013795  ,0.84671,0.034467  ,0.055125
0.065879  ,0.010056  ,0.82524,0.03725   ,0.061576
0.055773  ,0.010704  ,0.83253,0.03873   ,0.062267
0.060511  ,0.012799  ,0.82117,0.036045  ,0.069478
0.059568  ,0.012711  ,0.8231 ,0.034331  ,0.070286
0.043776  ,0.014346  ,0.83407,0.036743  ,0.071065
0.051526  ,0.018011  ,0.8236 ,0.033653  ,0.07321
0.046266  ,0.020633  ,0.81547,0.031636  ,0.085995
0.044257  ,0.029061  ,0.86538,0.022545  ,0.038757
0.050115  ,0.024752  ,0.85276,0.02712   ,0.045251
0.043101  ,0.014882  ,0.87729,0.016139  ,0.048585
0.040514  ,0.014173  ,0.8847 ,0.017053  ,0.043563
